insertId,labels.container_name,labels.instanceId,"'labels.""run.googleapis.com/execution_name""","'labels.""run.googleapis.com/task_attempt""","'labels.""run.googleapis.com/task_index""",logName,receiveLocation,receiveTimestamp,resource.labels.job_name,resource.labels.location,resource.labels.project_id,resource.type,severity,textPayload,timestamp
685a68c700026e79b50889fe,worker,0069c7a988628c9eecde3e8d6b3af570c45262ec41ff103e0af9a40296d169a83034b92c303667551cf0eb27a1ee6528e476b68bf0d2c46b239a36ea08eb6f4a39cfce984b002e2d8a940627a047bd,"'test19-bq-map-tables-cwspx",0,0,"'projects/bigquerytest-422109/logs/run.googleapis.com%2Fvarlog%2Fsystem",,"'2025-06-24T08:58:47.163152355Z","'test19-bq-map-tables","'europe-west1","'bigquerytest-422109",cloud_run_job,WARNING,Container called exit(8).,"'2025-06-24T08:58:47.159308Z"
685a68c700019e8f5c46585d,,0069c7a988628c9eecde3e8d6b3af570c45262ec41ff103e0af9a40296d169a83034b92c303667551cf0eb27a1ee6528e476b68bf0d2c46b239a36ea08eb6f4a39cfce984b002e2d8a940627a047bd,"'test19-bq-map-tables-cwspx",0,0,"'projects/bigquerytest-422109/logs/run.googleapis.com%2Fstderr",,"'2025-06-24T08:58:47.376229800Z","'test19-bq-map-tables","'europe-west1","'bigquerytest-422109",cloud_run_job,,"'2025-06-24 08:58:47 ERROR 403: Forbidden.","'2025-06-24T08:58:47.106127Z"
685a68c700019e7f4828e84c,,0069c7a988628c9eecde3e8d6b3af570c45262ec41ff103e0af9a40296d169a83034b92c303667551cf0eb27a1ee6528e476b68bf0d2c46b239a36ea08eb6f4a39cfce984b002e2d8a940627a047bd,"'test19-bq-map-tables-cwspx",0,0,"'projects/bigquerytest-422109/logs/run.googleapis.com%2Fstderr",,"'2025-06-24T08:58:47.376229800Z","'test19-bq-map-tables","'europe-west1","'bigquerytest-422109",cloud_run_job,,"'HTTP request sent, awaiting response... 403 Forbidden","'2025-06-24T08:58:47.106111Z"
685a68c7000027c2a468b44a,,0069c7a988628c9eecde3e8d6b3af570c45262ec41ff103e0af9a40296d169a83034b92c303667551cf0eb27a1ee6528e476b68bf0d2c46b239a36ea08eb6f4a39cfce984b002e2d8a940627a047bd,"'test19-bq-map-tables-cwspx",0,0,"'projects/bigquerytest-422109/logs/run.googleapis.com%2Fstderr",,"'2025-06-24T08:58:47.044230024Z","'test19-bq-map-tables","'europe-west1","'bigquerytest-422109",cloud_run_job,,Connecting to storage.googleapis.com (storage.googleapis.com)|2a00:1450:400c:c01::cf|:443... connected.,"'2025-06-24T08:58:47.010178Z"
685a68c70000248a557c0637,,0069c7a988628c9eecde3e8d6b3af570c45262ec41ff103e0af9a40296d169a83034b92c303667551cf0eb27a1ee6528e476b68bf0d2c46b239a36ea08eb6f4a39cfce984b002e2d8a940627a047bd,"'test19-bq-map-tables-cwspx",0,0,"'projects/bigquerytest-422109/logs/run.googleapis.com%2Fstderr",,"'2025-06-24T08:58:47.044230024Z","'test19-bq-map-tables","'europe-west1","'bigquerytest-422109",cloud_run_job,,"'Resolving storage.googleapis.com (storage.googleapis.com)... 2a00:1450:400c:c01::cf, 2a00:1450:400c:c08::cf, 172.253.120.207, ...","'2025-06-24T08:58:47.009354Z"
685a68c6000eed44d81d6b24,,0069c7a988628c9eecde3e8d6b3af570c45262ec41ff103e0af9a40296d169a83034b92c303667551cf0eb27a1ee6528e476b68bf0d2c46b239a36ea08eb6f4a39cfce984b002e2d8a940627a047bd,"'test19-bq-map-tables-cwspx",0,0,"'projects/bigquerytest-422109/logs/run.googleapis.com%2Fstderr",,"'2025-06-24T08:58:47.044230024Z","'test19-bq-map-tables","'europe-west1","'bigquerytest-422109",cloud_run_job,,"'--2025-06-24 08:58:46--  https://storage.googleapis.com/canedge-test-bucket-gcp-16/bigquery-map-tables-v1.0.2.zip","'2025-06-24T08:58:46.978244Z"
685a68c6000e9833573b9727,,0069c7a988628c9eecde3e8d6b3af570c45262ec41ff103e0af9a40296d169a83034b92c303667551cf0eb27a1ee6528e476b68bf0d2c46b239a36ea08eb6f4a39cfce984b002e2d8a940627a047bd,"'test19-bq-map-tables-cwspx",0,0,"'projects/bigquerytest-422109/logs/run.googleapis.com%2F%2Fvar%2Flog%2Fapt%2Fhistory.log",,"'2025-06-24T08:58:47.064579287Z","'test19-bq-map-tables","'europe-west1","'bigquerytest-422109",cloud_run_job,,"'End-Date: 2025-06-24  08:58:46","'2025-06-24T08:58:46.956467Z"
685a68c6000e976778e74061,,0069c7a988628c9eecde3e8d6b3af570c45262ec41ff103e0af9a40296d169a83034b92c303667551cf0eb27a1ee6528e476b68bf0d2c46b239a36ea08eb6f4a39cfce984b002e2d8a940627a047bd,"'test19-bq-map-tables-cwspx",0,0,"'projects/bigquerytest-422109/logs/run.googleapis.com%2F%2Fvar%2Flog%2Fapt%2Fterm.log",,"'2025-06-24T08:58:47.059894821Z","'test19-bq-map-tables","'europe-west1","'bigquerytest-422109",cloud_run_job,,"'Log ended: 2025-06-24  08:58:46","'2025-06-24T08:58:46.956263Z"
685a68c6000e8533ef6909eb,,0069c7a988628c9eecde3e8d6b3af570c45262ec41ff103e0af9a40296d169a83034b92c303667551cf0eb27a1ee6528e476b68bf0d2c46b239a36ea08eb6f4a39cfce984b002e2d8a940627a047bd,"'test19-bq-map-tables-cwspx",0,0,"'projects/bigquerytest-422109/logs/run.googleapis.com%2F%2Fvar%2Flog%2Fdpkg.log",,"'2025-06-24T08:58:47.085060735Z","'test19-bq-map-tables","'europe-west1","'bigquerytest-422109",cloud_run_job,,"'2025-06-24 08:58:46 status installed libc-bin:amd64 2.36-9+deb12u10","'2025-06-24T08:58:46.951603Z"
685a68c6000977ba755b1061,,0069c7a988628c9eecde3e8d6b3af570c45262ec41ff103e0af9a40296d169a83034b92c303667551cf0eb27a1ee6528e476b68bf0d2c46b239a36ea08eb6f4a39cfce984b002e2d8a940627a047bd,"'test19-bq-map-tables-cwspx",0,0,"'projects/bigquerytest-422109/logs/run.googleapis.com%2F%2Fvar%2Flog%2Fdpkg.log",,"'2025-06-24T08:58:46.752836995Z","'test19-bq-map-tables","'europe-west1","'bigquerytest-422109",cloud_run_job,,"'2025-06-24 08:58:46 status half-configured libc-bin:amd64 2.36-9+deb12u10","'2025-06-24T08:58:46.620474Z"
685a68c60009761696d507c9,,0069c7a988628c9eecde3e8d6b3af570c45262ec41ff103e0af9a40296d169a83034b92c303667551cf0eb27a1ee6528e476b68bf0d2c46b239a36ea08eb6f4a39cfce984b002e2d8a940627a047bd,"'test19-bq-map-tables-cwspx",0,0,"'projects/bigquerytest-422109/logs/run.googleapis.com%2F%2Fvar%2Flog%2Fdpkg.log",,"'2025-06-24T08:58:46.752836995Z","'test19-bq-map-tables","'europe-west1","'bigquerytest-422109",cloud_run_job,,"'2025-06-24 08:58:46 trigproc libc-bin:amd64 2.36-9+deb12u10 <none>","'2025-06-24T08:58:46.620054Z"
685a68c6000975b753d2517d,,0069c7a988628c9eecde3e8d6b3af570c45262ec41ff103e0af9a40296d169a83034b92c303667551cf0eb27a1ee6528e476b68bf0d2c46b239a36ea08eb6f4a39cfce984b002e2d8a940627a047bd,"'test19-bq-map-tables-cwspx",0,0,"'projects/bigquerytest-422109/logs/run.googleapis.com%2F%2Fvar%2Flog%2Fapt%2Fterm.log",,"'2025-06-24T08:58:46.725037033Z","'test19-bq-map-tables","'europe-west1","'bigquerytest-422109",cloud_run_job,,"'Processing triggers for libc-bin (2.36-9+deb12u10) ...","'2025-06-24T08:58:46.619959Z"
685a68c60009757465e6f31d,,0069c7a988628c9eecde3e8d6b3af570c45262ec41ff103e0af9a40296d169a83034b92c303667551cf0eb27a1ee6528e476b68bf0d2c46b239a36ea08eb6f4a39cfce984b002e2d8a940627a047bd,"'test19-bq-map-tables-cwspx",0,0,"'projects/bigquerytest-422109/logs/run.googleapis.com%2Fstdout",,"'2025-06-24T08:58:46.702550861Z","'test19-bq-map-tables","'europe-west1","'bigquerytest-422109",cloud_run_job,,"'Processing triggers for libc-bin (2.36-9+deb12u10) ...","'2025-06-24T08:58:46.619892Z"
685a68c600097508fa3b2c3f,,0069c7a988628c9eecde3e8d6b3af570c45262ec41ff103e0af9a40296d169a83034b92c303667551cf0eb27a1ee6528e476b68bf0d2c46b239a36ea08eb6f4a39cfce984b002e2d8a940627a047bd,"'test19-bq-map-tables-cwspx",0,0,"'projects/bigquerytest-422109/logs/run.googleapis.com%2F%2Fvar%2Flog%2Fdpkg.log",,"'2025-06-24T08:58:46.752836995Z","'test19-bq-map-tables","'europe-west1","'bigquerytest-422109",cloud_run_job,,"'2025-06-24 08:58:46 status installed publicsuffix:all 20230209.2326-1","'2025-06-24T08:58:46.619784Z"
685a68c6000972f62f13f722,,0069c7a988628c9eecde3e8d6b3af570c45262ec41ff103e0af9a40296d169a83034b92c303667551cf0eb27a1ee6528e476b68bf0d2c46b239a36ea08eb6f4a39cfce984b002e2d8a940627a047bd,"'test19-bq-map-tables-cwspx",0,0,"'projects/bigquerytest-422109/logs/run.googleapis.com%2F%2Fvar%2Flog%2Fdpkg.log",,"'2025-06-24T08:58:46.752836995Z","'test19-bq-map-tables","'europe-west1","'bigquerytest-422109",cloud_run_job,,"'2025-06-24 08:58:46 status half-configured publicsuffix:all 20230209.2326-1","'2025-06-24T08:58:46.619254Z"
685a68c600097197d1c82270,,0069c7a988628c9eecde3e8d6b3af570c45262ec41ff103e0af9a40296d169a83034b92c303667551cf0eb27a1ee6528e476b68bf0d2c46b239a36ea08eb6f4a39cfce984b002e2d8a940627a047bd,"'test19-bq-map-tables-cwspx",0,0,"'projects/bigquerytest-422109/logs/run.googleapis.com%2F%2Fvar%2Flog%2Fdpkg.log",,"'2025-06-24T08:58:46.752836995Z","'test19-bq-map-tables","'europe-west1","'bigquerytest-422109",cloud_run_job,,"'2025-06-24 08:58:46 status unpacked publicsuffix:all 20230209.2326-1","'2025-06-24T08:58:46.618903Z"
685a68c6000970d4d2160af2,,0069c7a988628c9eecde3e8d6b3af570c45262ec41ff103e0af9a40296d169a83034b92c303667551cf0eb27a1ee6528e476b68bf0d2c46b239a36ea08eb6f4a39cfce984b002e2d8a940627a047bd,"'test19-bq-map-tables-cwspx",0,0,"'projects/bigquerytest-422109/logs/run.googleapis.com%2Fstdout",,"'2025-06-24T08:58:46.702550861Z","'test19-bq-map-tables","'europe-west1","'bigquerytest-422109",cloud_run_job,,"'Setting up publicsuffix (20230209.2326-1) ...","'2025-06-24T08:58:46.618708Z"
685a68c600097089928b8919,,0069c7a988628c9eecde3e8d6b3af570c45262ec41ff103e0af9a40296d169a83034b92c303667551cf0eb27a1ee6528e476b68bf0d2c46b239a36ea08eb6f4a39cfce984b002e2d8a940627a047bd,"'test19-bq-map-tables-cwspx",0,0,"'projects/bigquerytest-422109/logs/run.googleapis.com%2F%2Fvar%2Flog%2Fapt%2Fterm.log",,"'2025-06-24T08:58:46.725037033Z","'test19-bq-map-tables","'europe-west1","'bigquerytest-422109",cloud_run_job,,"'Setting up publicsuffix (20230209.2326-1) ...","'2025-06-24T08:58:46.618633Z"
685a68c600097036657c1da3,,0069c7a988628c9eecde3e8d6b3af570c45262ec41ff103e0af9a40296d169a83034b92c303667551cf0eb27a1ee6528e476b68bf0d2c46b239a36ea08eb6f4a39cfce984b002e2d8a940627a047bd,"'test19-bq-map-tables-cwspx",0,0,"'projects/bigquerytest-422109/logs/run.googleapis.com%2F%2Fvar%2Flog%2Fdpkg.log",,"'2025-06-24T08:58:46.752836995Z","'test19-bq-map-tables","'europe-west1","'bigquerytest-422109",cloud_run_job,,"'2025-06-24 08:58:46 configure publicsuffix:all 20230209.2326-1 <none>","'2025-06-24T08:58:46.618550Z"
685a68c600096e60d142ccb9,,0069c7a988628c9eecde3e8d6b3af570c45262ec41ff103e0af9a40296d169a83034b92c303667551cf0eb27a1ee6528e476b68bf0d2c46b239a36ea08eb6f4a39cfce984b002e2d8a940627a047bd,"'test19-bq-map-tables-cwspx",0,0,"'projects/bigquerytest-422109/logs/run.googleapis.com%2F%2Fvar%2Flog%2Fdpkg.log",,"'2025-06-24T08:58:46.752836995Z","'test19-bq-map-tables","'europe-west1","'bigquerytest-422109",cloud_run_job,,"'2025-06-24 08:58:46 status installed unzip:amd64 6.0-28","'2025-06-24T08:58:46.618080Z"
685a68c60009573cefcd9d52,,0069c7a988628c9eecde3e8d6b3af570c45262ec41ff103e0af9a40296d169a83034b92c303667551cf0eb27a1ee6528e476b68bf0d2c46b239a36ea08eb6f4a39cfce984b002e2d8a940627a047bd,"'test19-bq-map-tables-cwspx",0,0,"'projects/bigquerytest-422109/logs/run.googleapis.com%2F%2Fvar%2Flog%2Fdpkg.log",,"'2025-06-24T08:58:46.752836995Z","'test19-bq-map-tables","'europe-west1","'bigquerytest-422109",cloud_run_job,,"'2025-06-24 08:58:46 status half-configured unzip:amd64 6.0-28","'2025-06-24T08:58:46.612156Z"
685a68c6000955f0fe739138,,0069c7a988628c9eecde3e8d6b3af570c45262ec41ff103e0af9a40296d169a83034b92c303667551cf0eb27a1ee6528e476b68bf0d2c46b239a36ea08eb6f4a39cfce984b002e2d8a940627a047bd,"'test19-bq-map-tables-cwspx",0,0,"'projects/bigquerytest-422109/logs/run.googleapis.com%2F%2Fvar%2Flog%2Fdpkg.log",,"'2025-06-24T08:58:46.752836995Z","'test19-bq-map-tables","'europe-west1","'bigquerytest-422109",cloud_run_job,,"'2025-06-24 08:58:46 status unpacked unzip:amd64 6.0-28","'2025-06-24T08:58:46.611824Z"
685a68c600095514308bf832,,0069c7a988628c9eecde3e8d6b3af570c45262ec41ff103e0af9a40296d169a83034b92c303667551cf0eb27a1ee6528e476b68bf0d2c46b239a36ea08eb6f4a39cfce984b002e2d8a940627a047bd,"'test19-bq-map-tables-cwspx",0,0,"'projects/bigquerytest-422109/logs/run.googleapis.com%2F%2Fvar%2Flog%2Fdpkg.log",,"'2025-06-24T08:58:46.752836995Z","'test19-bq-map-tables","'europe-west1","'bigquerytest-422109",cloud_run_job,,"'2025-06-24 08:58:46 configure unzip:amd64 6.0-28 <none>","'2025-06-24T08:58:46.611604Z"
685a68c6000954de85a11c5e,,0069c7a988628c9eecde3e8d6b3af570c45262ec41ff103e0af9a40296d169a83034b92c303667551cf0eb27a1ee6528e476b68bf0d2c46b239a36ea08eb6f4a39cfce984b002e2d8a940627a047bd,"'test19-bq-map-tables-cwspx",0,0,"'projects/bigquerytest-422109/logs/run.googleapis.com%2F%2Fvar%2Flog%2Fapt%2Fterm.log",,"'2025-06-24T08:58:46.725037033Z","'test19-bq-map-tables","'europe-west1","'bigquerytest-422109",cloud_run_job,,"'Setting up unzip (6.0-28) ...","'2025-06-24T08:58:46.611550Z"
685a68c6000954a3a1701506,,0069c7a988628c9eecde3e8d6b3af570c45262ec41ff103e0af9a40296d169a83034b92c303667551cf0eb27a1ee6528e476b68bf0d2c46b239a36ea08eb6f4a39cfce984b002e2d8a940627a047bd,"'test19-bq-map-tables-cwspx",0,0,"'projects/bigquerytest-422109/logs/run.googleapis.com%2Fstdout",,"'2025-06-24T08:58:46.702550861Z","'test19-bq-map-tables","'europe-west1","'bigquerytest-422109",cloud_run_job,,"'Setting up unzip (6.0-28) ...","'2025-06-24T08:58:46.611491Z"
685a68c6000952640ba49d6a,,0069c7a988628c9eecde3e8d6b3af570c45262ec41ff103e0af9a40296d169a83034b92c303667551cf0eb27a1ee6528e476b68bf0d2c46b239a36ea08eb6f4a39cfce984b002e2d8a940627a047bd,"'test19-bq-map-tables-cwspx",0,0,"'projects/bigquerytest-422109/logs/run.googleapis.com%2F%2Fvar%2Flog%2Fdpkg.log",,"'2025-06-24T08:58:46.752836995Z","'test19-bq-map-tables","'europe-west1","'bigquerytest-422109",cloud_run_job,,"'2025-06-24 08:58:46 status installed wget:amd64 1.21.3-1+deb12u1","'2025-06-24T08:58:46.610916Z"
685a68c6000951324d6c53b7,,0069c7a988628c9eecde3e8d6b3af570c45262ec41ff103e0af9a40296d169a83034b92c303667551cf0eb27a1ee6528e476b68bf0d2c46b239a36ea08eb6f4a39cfce984b002e2d8a940627a047bd,"'test19-bq-map-tables-cwspx",0,0,"'projects/bigquerytest-422109/logs/run.googleapis.com%2F%2Fvar%2Flog%2Fdpkg.log",,"'2025-06-24T08:58:46.752836995Z","'test19-bq-map-tables","'europe-west1","'bigquerytest-422109",cloud_run_job,,"'2025-06-24 08:58:46 status half-configured wget:amd64 1.21.3-1+deb12u1","'2025-06-24T08:58:46.610610Z"
685a68c600094f6ee4339cee,,0069c7a988628c9eecde3e8d6b3af570c45262ec41ff103e0af9a40296d169a83034b92c303667551cf0eb27a1ee6528e476b68bf0d2c46b239a36ea08eb6f4a39cfce984b002e2d8a940627a047bd,"'test19-bq-map-tables-cwspx",0,0,"'projects/bigquerytest-422109/logs/run.googleapis.com%2F%2Fvar%2Flog%2Fdpkg.log",,"'2025-06-24T08:58:46.752836995Z","'test19-bq-map-tables","'europe-west1","'bigquerytest-422109",cloud_run_job,,"'2025-06-24 08:58:46 status unpacked wget:amd64 1.21.3-1+deb12u1","'2025-06-24T08:58:46.610158Z"
685a68c600094eca2dc2f53d,,0069c7a988628c9eecde3e8d6b3af570c45262ec41ff103e0af9a40296d169a83034b92c303667551cf0eb27a1ee6528e476b68bf0d2c46b239a36ea08eb6f4a39cfce984b002e2d8a940627a047bd,"'test19-bq-map-tables-cwspx",0,0,"'projects/bigquerytest-422109/logs/run.googleapis.com%2F%2Fvar%2Flog%2Fapt%2Fterm.log",,"'2025-06-24T08:58:46.725037033Z","'test19-bq-map-tables","'europe-west1","'bigquerytest-422109",cloud_run_job,,"'Setting up wget (1.21.3-1+deb12u1) ...","'2025-06-24T08:58:46.609994Z"
685a68c600094e78bc672055,,0069c7a988628c9eecde3e8d6b3af570c45262ec41ff103e0af9a40296d169a83034b92c303667551cf0eb27a1ee6528e476b68bf0d2c46b239a36ea08eb6f4a39cfce984b002e2d8a940627a047bd,"'test19-bq-map-tables-cwspx",0,0,"'projects/bigquerytest-422109/logs/run.googleapis.com%2F%2Fvar%2Flog%2Fdpkg.log",,"'2025-06-24T08:58:46.752836995Z","'test19-bq-map-tables","'europe-west1","'bigquerytest-422109",cloud_run_job,,"'2025-06-24 08:58:46 configure wget:amd64 1.21.3-1+deb12u1 <none>","'2025-06-24T08:58:46.609912Z"
685a68c600094e4f71d00993,,0069c7a988628c9eecde3e8d6b3af570c45262ec41ff103e0af9a40296d169a83034b92c303667551cf0eb27a1ee6528e476b68bf0d2c46b239a36ea08eb6f4a39cfce984b002e2d8a940627a047bd,"'test19-bq-map-tables-cwspx",0,0,"'projects/bigquerytest-422109/logs/run.googleapis.com%2Fstdout",,"'2025-06-24T08:58:46.702550861Z","'test19-bq-map-tables","'europe-west1","'bigquerytest-422109",cloud_run_job,,"'Setting up wget (1.21.3-1+deb12u1) ...","'2025-06-24T08:58:46.609871Z"
685a68c600094c21b2349c5a,,0069c7a988628c9eecde3e8d6b3af570c45262ec41ff103e0af9a40296d169a83034b92c303667551cf0eb27a1ee6528e476b68bf0d2c46b239a36ea08eb6f4a39cfce984b002e2d8a940627a047bd,"'test19-bq-map-tables-cwspx",0,0,"'projects/bigquerytest-422109/logs/run.googleapis.com%2F%2Fvar%2Flog%2Fdpkg.log",,"'2025-06-24T08:58:46.752836995Z","'test19-bq-map-tables","'europe-west1","'bigquerytest-422109",cloud_run_job,,"'2025-06-24 08:58:46 status installed libpsl5:amd64 0.21.2-1","'2025-06-24T08:58:46.609313Z"
685a68c600094b2362f4aca4,,0069c7a988628c9eecde3e8d6b3af570c45262ec41ff103e0af9a40296d169a83034b92c303667551cf0eb27a1ee6528e476b68bf0d2c46b239a36ea08eb6f4a39cfce984b002e2d8a940627a047bd,"'test19-bq-map-tables-cwspx",0,0,"'projects/bigquerytest-422109/logs/run.googleapis.com%2F%2Fvar%2Flog%2Fdpkg.log",,"'2025-06-24T08:58:46.752836995Z","'test19-bq-map-tables","'europe-west1","'bigquerytest-422109",cloud_run_job,,"'2025-06-24 08:58:46 status half-configured libpsl5:amd64 0.21.2-1","'2025-06-24T08:58:46.609059Z"
685a68c600094a4a59c928f4,,0069c7a988628c9eecde3e8d6b3af570c45262ec41ff103e0af9a40296d169a83034b92c303667551cf0eb27a1ee6528e476b68bf0d2c46b239a36ea08eb6f4a39cfce984b002e2d8a940627a047bd,"'test19-bq-map-tables-cwspx",0,0,"'projects/bigquerytest-422109/logs/run.googleapis.com%2F%2Fvar%2Flog%2Fdpkg.log",,"'2025-06-24T08:58:46.752836995Z","'test19-bq-map-tables","'europe-west1","'bigquerytest-422109",cloud_run_job,,"'2025-06-24 08:58:46 status unpacked libpsl5:amd64 0.21.2-1","'2025-06-24T08:58:46.608842Z"
685a68c60009492cd12980ed,,0069c7a988628c9eecde3e8d6b3af570c45262ec41ff103e0af9a40296d169a83034b92c303667551cf0eb27a1ee6528e476b68bf0d2c46b239a36ea08eb6f4a39cfce984b002e2d8a940627a047bd,"'test19-bq-map-tables-cwspx",0,0,"'projects/bigquerytest-422109/logs/run.googleapis.com%2F%2Fvar%2Flog%2Fapt%2Fterm.log",,"'2025-06-24T08:58:46.725037033Z","'test19-bq-map-tables","'europe-west1","'bigquerytest-422109",cloud_run_job,,"'Setting up libpsl5:amd64 (0.21.2-1) ...","'2025-06-24T08:58:46.608556Z"
685a68c6000948eb7eefaa70,,0069c7a988628c9eecde3e8d6b3af570c45262ec41ff103e0af9a40296d169a83034b92c303667551cf0eb27a1ee6528e476b68bf0d2c46b239a36ea08eb6f4a39cfce984b002e2d8a940627a047bd,"'test19-bq-map-tables-cwspx",0,0,"'projects/bigquerytest-422109/logs/run.googleapis.com%2F%2Fvar%2Flog%2Fdpkg.log",,"'2025-06-24T08:58:46.752836995Z","'test19-bq-map-tables","'europe-west1","'bigquerytest-422109",cloud_run_job,,"'2025-06-24 08:58:46 configure libpsl5:amd64 0.21.2-1 <none>","'2025-06-24T08:58:46.608491Z"
685a68c6000948aaff24a58f,,0069c7a988628c9eecde3e8d6b3af570c45262ec41ff103e0af9a40296d169a83034b92c303667551cf0eb27a1ee6528e476b68bf0d2c46b239a36ea08eb6f4a39cfce984b002e2d8a940627a047bd,"'test19-bq-map-tables-cwspx",0,0,"'projects/bigquerytest-422109/logs/run.googleapis.com%2Fstdout",,"'2025-06-24T08:58:46.702550861Z","'test19-bq-map-tables","'europe-west1","'bigquerytest-422109",cloud_run_job,,"'Setting up libpsl5:amd64 (0.21.2-1) ...","'2025-06-24T08:58:46.608426Z"
685a68c6000946b1649ccd17,,0069c7a988628c9eecde3e8d6b3af570c45262ec41ff103e0af9a40296d169a83034b92c303667551cf0eb27a1ee6528e476b68bf0d2c46b239a36ea08eb6f4a39cfce984b002e2d8a940627a047bd,"'test19-bq-map-tables-cwspx",0,0,"'projects/bigquerytest-422109/logs/run.googleapis.com%2F%2Fvar%2Flog%2Fdpkg.log",,"'2025-06-24T08:58:46.752836995Z","'test19-bq-map-tables","'europe-west1","'bigquerytest-422109",cloud_run_job,,"'2025-06-24 08:58:46 startup packages configure","'2025-06-24T08:58:46.607921Z"
685a68c600081321965c583b,,0069c7a988628c9eecde3e8d6b3af570c45262ec41ff103e0af9a40296d169a83034b92c303667551cf0eb27a1ee6528e476b68bf0d2c46b239a36ea08eb6f4a39cfce984b002e2d8a940627a047bd,"'test19-bq-map-tables-cwspx",0,0,"'projects/bigquerytest-422109/logs/run.googleapis.com%2F%2Fvar%2Flog%2Fdpkg.log",,"'2025-06-24T08:58:46.752836995Z","'test19-bq-map-tables","'europe-west1","'bigquerytest-422109",cloud_run_job,,"'2025-06-24 08:58:46 status unpacked unzip:amd64 6.0-28","'2025-06-24T08:58:46.529185Z"
685a68c60007c90aea526548,,0069c7a988628c9eecde3e8d6b3af570c45262ec41ff103e0af9a40296d169a83034b92c303667551cf0eb27a1ee6528e476b68bf0d2c46b239a36ea08eb6f4a39cfce984b002e2d8a940627a047bd,"'test19-bq-map-tables-cwspx",0,0,"'projects/bigquerytest-422109/logs/run.googleapis.com%2F%2Fvar%2Flog%2Fdpkg.log",,"'2025-06-24T08:58:46.752836995Z","'test19-bq-map-tables","'europe-west1","'bigquerytest-422109",cloud_run_job,,"'2025-06-24 08:58:46 status half-installed unzip:amd64 6.0-28","'2025-06-24T08:58:46.510218Z"
685a68c60007c8aa63ccdbd8,,0069c7a988628c9eecde3e8d6b3af570c45262ec41ff103e0af9a40296d169a83034b92c303667551cf0eb27a1ee6528e476b68bf0d2c46b239a36ea08eb6f4a39cfce984b002e2d8a940627a047bd,"'test19-bq-map-tables-cwspx",0,0,"'projects/bigquerytest-422109/logs/run.googleapis.com%2F%2Fvar%2Flog%2Fapt%2Fterm.log",,"'2025-06-24T08:58:46.725037033Z","'test19-bq-map-tables","'europe-west1","'bigquerytest-422109",cloud_run_job,,"'Unpacking unzip (6.0-28) ...","'2025-06-24T08:58:46.510122Z"
685a68c60007c7d135f6ab8e,,0069c7a988628c9eecde3e8d6b3af570c45262ec41ff103e0af9a40296d169a83034b92c303667551cf0eb27a1ee6528e476b68bf0d2c46b239a36ea08eb6f4a39cfce984b002e2d8a940627a047bd,"'test19-bq-map-tables-cwspx",0,0,"'projects/bigquerytest-422109/logs/run.googleapis.com%2Fstdout",,"'2025-06-24T08:58:46.702550861Z","'test19-bq-map-tables","'europe-west1","'bigquerytest-422109",cloud_run_job,,"'Unpacking unzip (6.0-28) ...","'2025-06-24T08:58:46.509905Z"
685a68c60007c756303f8f59,,0069c7a988628c9eecde3e8d6b3af570c45262ec41ff103e0af9a40296d169a83034b92c303667551cf0eb27a1ee6528e476b68bf0d2c46b239a36ea08eb6f4a39cfce984b002e2d8a940627a047bd,"'test19-bq-map-tables-cwspx",0,0,"'projects/bigquerytest-422109/logs/run.googleapis.com%2F%2Fvar%2Flog%2Fdpkg.log",,"'2025-06-24T08:58:46.752836995Z","'test19-bq-map-tables","'europe-west1","'bigquerytest-422109",cloud_run_job,,"'2025-06-24 08:58:46 install unzip:amd64 <none> 6.0-28","'2025-06-24T08:58:46.509782Z"
685a68c60007c750072706b4,,0069c7a988628c9eecde3e8d6b3af570c45262ec41ff103e0af9a40296d169a83034b92c303667551cf0eb27a1ee6528e476b68bf0d2c46b239a36ea08eb6f4a39cfce984b002e2d8a940627a047bd,"'test19-bq-map-tables-cwspx",0,0,"'projects/bigquerytest-422109/logs/run.googleapis.com%2Fstdout",,"'2025-06-24T08:58:46.702550861Z","'test19-bq-map-tables","'europe-west1","'bigquerytest-422109",cloud_run_job,,"'Preparing to unpack .../unzip_6.0-28_amd64.deb ...","'2025-06-24T08:58:46.509776Z"
685a68c60007c6db5b464801,,0069c7a988628c9eecde3e8d6b3af570c45262ec41ff103e0af9a40296d169a83034b92c303667551cf0eb27a1ee6528e476b68bf0d2c46b239a36ea08eb6f4a39cfce984b002e2d8a940627a047bd,"'test19-bq-map-tables-cwspx",0,0,"'projects/bigquerytest-422109/logs/run.googleapis.com%2F%2Fvar%2Flog%2Fapt%2Fterm.log",,"'2025-06-24T08:58:46.725037033Z","'test19-bq-map-tables","'europe-west1","'bigquerytest-422109",cloud_run_job,,"'Preparing to unpack .../unzip_6.0-28_amd64.deb ...","'2025-06-24T08:58:46.509659Z"
685a68c60007c01b13b36e1d,,0069c7a988628c9eecde3e8d6b3af570c45262ec41ff103e0af9a40296d169a83034b92c303667551cf0eb27a1ee6528e476b68bf0d2c46b239a36ea08eb6f4a39cfce984b002e2d8a940627a047bd,"'test19-bq-map-tables-cwspx",0,0,"'projects/bigquerytest-422109/logs/run.googleapis.com%2F%2Fvar%2Flog%2Fapt%2Fterm.log",,"'2025-06-24T08:58:46.725037033Z","'test19-bq-map-tables","'europe-west1","'bigquerytest-422109",cloud_run_job,,"'Selecting previously unselected package unzip.","'2025-06-24T08:58:46.507931Z"
685a68c60007bf577e1c86b5,,0069c7a988628c9eecde3e8d6b3af570c45262ec41ff103e0af9a40296d169a83034b92c303667551cf0eb27a1ee6528e476b68bf0d2c46b239a36ea08eb6f4a39cfce984b002e2d8a940627a047bd,"'test19-bq-map-tables-cwspx",0,0,"'projects/bigquerytest-422109/logs/run.googleapis.com%2Fstdout",,"'2025-06-24T08:58:46.702550861Z","'test19-bq-map-tables","'europe-west1","'bigquerytest-422109",cloud_run_job,,Selecting previously unselected package unzip.,"'2025-06-24T08:58:46.507735Z"
685a68c600069654a510a7ff,,0069c7a988628c9eecde3e8d6b3af570c45262ec41ff103e0af9a40296d169a83034b92c303667551cf0eb27a1ee6528e476b68bf0d2c46b239a36ea08eb6f4a39cfce984b002e2d8a940627a047bd,"'test19-bq-map-tables-cwspx",0,0,"'projects/bigquerytest-422109/logs/run.googleapis.com%2F%2Fvar%2Flog%2Fdpkg.log",,"'2025-06-24T08:58:46.752836995Z","'test19-bq-map-tables","'europe-west1","'bigquerytest-422109",cloud_run_job,,"'2025-06-24 08:58:46 status unpacked publicsuffix:all 20230209.2326-1","'2025-06-24T08:58:46.431700Z"
685a68c600065a84fc6a8101,,0069c7a988628c9eecde3e8d6b3af570c45262ec41ff103e0af9a40296d169a83034b92c303667551cf0eb27a1ee6528e476b68bf0d2c46b239a36ea08eb6f4a39cfce984b002e2d8a940627a047bd,"'test19-bq-map-tables-cwspx",0,0,"'projects/bigquerytest-422109/logs/run.googleapis.com%2F%2Fvar%2Flog%2Fdpkg.log",,"'2025-06-24T08:58:46.752836995Z","'test19-bq-map-tables","'europe-west1","'bigquerytest-422109",cloud_run_job,,"'2025-06-24 08:58:46 status half-installed publicsuffix:all 20230209.2326-1","'2025-06-24T08:58:46.416388Z"
685a68c6000659cd93bc0105,,0069c7a988628c9eecde3e8d6b3af570c45262ec41ff103e0af9a40296d169a83034b92c303667551cf0eb27a1ee6528e476b68bf0d2c46b239a36ea08eb6f4a39cfce984b002e2d8a940627a047bd,"'test19-bq-map-tables-cwspx",0,0,"'projects/bigquerytest-422109/logs/run.googleapis.com%2F%2Fvar%2Flog%2Fapt%2Fterm.log",,"'2025-06-24T08:58:46.725037033Z","'test19-bq-map-tables","'europe-west1","'bigquerytest-422109",cloud_run_job,,"'Unpacking publicsuffix (20230209.2326-1) ...","'2025-06-24T08:58:46.416205Z"
685a68c60006596d5093a384,,0069c7a988628c9eecde3e8d6b3af570c45262ec41ff103e0af9a40296d169a83034b92c303667551cf0eb27a1ee6528e476b68bf0d2c46b239a36ea08eb6f4a39cfce984b002e2d8a940627a047bd,"'test19-bq-map-tables-cwspx",0,0,"'projects/bigquerytest-422109/logs/run.googleapis.com%2Fstdout",,"'2025-06-24T08:58:46.702550861Z","'test19-bq-map-tables","'europe-west1","'bigquerytest-422109",cloud_run_job,,"'Unpacking publicsuffix (20230209.2326-1) ...","'2025-06-24T08:58:46.416109Z"
685a68c6000657ea643593cf,,0069c7a988628c9eecde3e8d6b3af570c45262ec41ff103e0af9a40296d169a83034b92c303667551cf0eb27a1ee6528e476b68bf0d2c46b239a36ea08eb6f4a39cfce984b002e2d8a940627a047bd,"'test19-bq-map-tables-cwspx",0,0,"'projects/bigquerytest-422109/logs/run.googleapis.com%2F%2Fvar%2Flog%2Fdpkg.log",,"'2025-06-24T08:58:46.752836995Z","'test19-bq-map-tables","'europe-west1","'bigquerytest-422109",cloud_run_job,,"'2025-06-24 08:58:46 install publicsuffix:all <none> 20230209.2326-1","'2025-06-24T08:58:46.415722Z"
685a68c6000657c48907c9c1,,0069c7a988628c9eecde3e8d6b3af570c45262ec41ff103e0af9a40296d169a83034b92c303667551cf0eb27a1ee6528e476b68bf0d2c46b239a36ea08eb6f4a39cfce984b002e2d8a940627a047bd,"'test19-bq-map-tables-cwspx",0,0,"'projects/bigquerytest-422109/logs/run.googleapis.com%2F%2Fvar%2Flog%2Fapt%2Fterm.log",,"'2025-06-24T08:58:46.725037033Z","'test19-bq-map-tables","'europe-west1","'bigquerytest-422109",cloud_run_job,,"'Preparing to unpack .../publicsuffix_20230209.2326-1_all.deb ...","'2025-06-24T08:58:46.415684Z"
685a68c60006572f1f432952,,0069c7a988628c9eecde3e8d6b3af570c45262ec41ff103e0af9a40296d169a83034b92c303667551cf0eb27a1ee6528e476b68bf0d2c46b239a36ea08eb6f4a39cfce984b002e2d8a940627a047bd,"'test19-bq-map-tables-cwspx",0,0,"'projects/bigquerytest-422109/logs/run.googleapis.com%2Fstdout",,"'2025-06-24T08:58:46.702550861Z","'test19-bq-map-tables","'europe-west1","'bigquerytest-422109",cloud_run_job,,"'Preparing to unpack .../publicsuffix_20230209.2326-1_all.deb ...","'2025-06-24T08:58:46.415535Z"
685a68c6000652242d4dbe11,,0069c7a988628c9eecde3e8d6b3af570c45262ec41ff103e0af9a40296d169a83034b92c303667551cf0eb27a1ee6528e476b68bf0d2c46b239a36ea08eb6f4a39cfce984b002e2d8a940627a047bd,"'test19-bq-map-tables-cwspx",0,0,"'projects/bigquerytest-422109/logs/run.googleapis.com%2F%2Fvar%2Flog%2Fapt%2Fterm.log",,"'2025-06-24T08:58:46.725037033Z","'test19-bq-map-tables","'europe-west1","'bigquerytest-422109",cloud_run_job,,"'Selecting previously unselected package publicsuffix.","'2025-06-24T08:58:46.414244Z"
685a68c60006517e238c8efa,,0069c7a988628c9eecde3e8d6b3af570c45262ec41ff103e0af9a40296d169a83034b92c303667551cf0eb27a1ee6528e476b68bf0d2c46b239a36ea08eb6f4a39cfce984b002e2d8a940627a047bd,"'test19-bq-map-tables-cwspx",0,0,"'projects/bigquerytest-422109/logs/run.googleapis.com%2Fstdout",,"'2025-06-24T08:58:46.702550861Z","'test19-bq-map-tables","'europe-west1","'bigquerytest-422109",cloud_run_job,,Selecting previously unselected package publicsuffix.,"'2025-06-24T08:58:46.414078Z"
685a68c6000615cd4d1cd5b1,,0069c7a988628c9eecde3e8d6b3af570c45262ec41ff103e0af9a40296d169a83034b92c303667551cf0eb27a1ee6528e476b68bf0d2c46b239a36ea08eb6f4a39cfce984b002e2d8a940627a047bd,"'test19-bq-map-tables-cwspx",0,0,"'projects/bigquerytest-422109/logs/run.googleapis.com%2F%2Fvar%2Flog%2Fdpkg.log",,"'2025-06-24T08:58:46.417806628Z","'test19-bq-map-tables","'europe-west1","'bigquerytest-422109",cloud_run_job,,"'2025-06-24 08:58:46 status unpacked wget:amd64 1.21.3-1+deb12u1","'2025-06-24T08:58:46.398797Z"
685a68c6000321c6aac0e6e4,,0069c7a988628c9eecde3e8d6b3af570c45262ec41ff103e0af9a40296d169a83034b92c303667551cf0eb27a1ee6528e476b68bf0d2c46b239a36ea08eb6f4a39cfce984b002e2d8a940627a047bd,"'test19-bq-map-tables-cwspx",0,0,"'projects/bigquerytest-422109/logs/run.googleapis.com%2F%2Fvar%2Flog%2Fapt%2Fterm.log",,"'2025-06-24T08:58:46.395596208Z","'test19-bq-map-tables","'europe-west1","'bigquerytest-422109",cloud_run_job,,"'Unpacking wget (1.21.3-1+deb12u1) ...","'2025-06-24T08:58:46.205254Z"
685a68c60003190be15793a2,,0069c7a988628c9eecde3e8d6b3af570c45262ec41ff103e0af9a40296d169a83034b92c303667551cf0eb27a1ee6528e476b68bf0d2c46b239a36ea08eb6f4a39cfce984b002e2d8a940627a047bd,"'test19-bq-map-tables-cwspx",0,0,"'projects/bigquerytest-422109/logs/run.googleapis.com%2Fstdout",,"'2025-06-24T08:58:46.371691002Z","'test19-bq-map-tables","'europe-west1","'bigquerytest-422109",cloud_run_job,,"'Unpacking wget (1.21.3-1+deb12u1) ...","'2025-06-24T08:58:46.203019Z"
685a68c6000316e6d89582fb,,0069c7a988628c9eecde3e8d6b3af570c45262ec41ff103e0af9a40296d169a83034b92c303667551cf0eb27a1ee6528e476b68bf0d2c46b239a36ea08eb6f4a39cfce984b002e2d8a940627a047bd,"'test19-bq-map-tables-cwspx",0,0,"'projects/bigquerytest-422109/logs/run.googleapis.com%2F%2Fvar%2Flog%2Fdpkg.log",,"'2025-06-24T08:58:46.417806628Z","'test19-bq-map-tables","'europe-west1","'bigquerytest-422109",cloud_run_job,,"'2025-06-24 08:58:46 status half-installed wget:amd64 1.21.3-1+deb12u1","'2025-06-24T08:58:46.202470Z"
685a68c6000310522431e3e7,,0069c7a988628c9eecde3e8d6b3af570c45262ec41ff103e0af9a40296d169a83034b92c303667551cf0eb27a1ee6528e476b68bf0d2c46b239a36ea08eb6f4a39cfce984b002e2d8a940627a047bd,"'test19-bq-map-tables-cwspx",0,0,"'projects/bigquerytest-422109/logs/run.googleapis.com%2F%2Fvar%2Flog%2Fapt%2Fterm.log",,"'2025-06-24T08:58:46.395596208Z","'test19-bq-map-tables","'europe-west1","'bigquerytest-422109",cloud_run_job,,"'Preparing to unpack .../wget_1.21.3-1+deb12u1_amd64.deb ...","'2025-06-24T08:58:46.200786Z"
685a68c600030fe837e594f1,,0069c7a988628c9eecde3e8d6b3af570c45262ec41ff103e0af9a40296d169a83034b92c303667551cf0eb27a1ee6528e476b68bf0d2c46b239a36ea08eb6f4a39cfce984b002e2d8a940627a047bd,"'test19-bq-map-tables-cwspx",0,0,"'projects/bigquerytest-422109/logs/run.googleapis.com%2F%2Fvar%2Flog%2Fdpkg.log",,"'2025-06-24T08:58:46.417806628Z","'test19-bq-map-tables","'europe-west1","'bigquerytest-422109",cloud_run_job,,"'2025-06-24 08:58:46 install wget:amd64 <none> 1.21.3-1+deb12u1","'2025-06-24T08:58:46.200680Z"
685a68c600030df662204153,,0069c7a988628c9eecde3e8d6b3af570c45262ec41ff103e0af9a40296d169a83034b92c303667551cf0eb27a1ee6528e476b68bf0d2c46b239a36ea08eb6f4a39cfce984b002e2d8a940627a047bd,"'test19-bq-map-tables-cwspx",0,0,"'projects/bigquerytest-422109/logs/run.googleapis.com%2Fstdout",,"'2025-06-24T08:58:46.371691002Z","'test19-bq-map-tables","'europe-west1","'bigquerytest-422109",cloud_run_job,,"'Preparing to unpack .../wget_1.21.3-1+deb12u1_amd64.deb ...","'2025-06-24T08:58:46.200182Z"
685a68c600030a5d75ad2720,,0069c7a988628c9eecde3e8d6b3af570c45262ec41ff103e0af9a40296d169a83034b92c303667551cf0eb27a1ee6528e476b68bf0d2c46b239a36ea08eb6f4a39cfce984b002e2d8a940627a047bd,"'test19-bq-map-tables-cwspx",0,0,"'projects/bigquerytest-422109/logs/run.googleapis.com%2F%2Fvar%2Flog%2Fapt%2Fterm.log",,"'2025-06-24T08:58:46.395596208Z","'test19-bq-map-tables","'europe-west1","'bigquerytest-422109",cloud_run_job,,"'Selecting previously unselected package wget.","'2025-06-24T08:58:46.199261Z"
685a68c600030923de1288e9,,0069c7a988628c9eecde3e8d6b3af570c45262ec41ff103e0af9a40296d169a83034b92c303667551cf0eb27a1ee6528e476b68bf0d2c46b239a36ea08eb6f4a39cfce984b002e2d8a940627a047bd,"'test19-bq-map-tables-cwspx",0,0,"'projects/bigquerytest-422109/logs/run.googleapis.com%2Fstdout",,"'2025-06-24T08:58:46.371691002Z","'test19-bq-map-tables","'europe-west1","'bigquerytest-422109",cloud_run_job,,Selecting previously unselected package wget.,"'2025-06-24T08:58:46.198947Z"
685a68c60002b823b57d0279,,0069c7a988628c9eecde3e8d6b3af570c45262ec41ff103e0af9a40296d169a83034b92c303667551cf0eb27a1ee6528e476b68bf0d2c46b239a36ea08eb6f4a39cfce984b002e2d8a940627a047bd,"'test19-bq-map-tables-cwspx",0,0,"'projects/bigquerytest-422109/logs/run.googleapis.com%2F%2Fvar%2Flog%2Fdpkg.log",,"'2025-06-24T08:58:46.417806628Z","'test19-bq-map-tables","'europe-west1","'bigquerytest-422109",cloud_run_job,,"'2025-06-24 08:58:46 status unpacked libpsl5:amd64 0.21.2-1","'2025-06-24T08:58:46.178211Z"
685a68c6000290c4bf557c83,,0069c7a988628c9eecde3e8d6b3af570c45262ec41ff103e0af9a40296d169a83034b92c303667551cf0eb27a1ee6528e476b68bf0d2c46b239a36ea08eb6f4a39cfce984b002e2d8a940627a047bd,"'test19-bq-map-tables-cwspx",0,0,"'projects/bigquerytest-422109/logs/run.googleapis.com%2F%2Fvar%2Flog%2Fapt%2Fterm.log",,"'2025-06-24T08:58:46.395596208Z","'test19-bq-map-tables","'europe-west1","'bigquerytest-422109",cloud_run_job,,"'Unpacking libpsl5:amd64 (0.21.2-1) ...","'2025-06-24T08:58:46.168132Z"
685a68c600028c3b209a3891,,0069c7a988628c9eecde3e8d6b3af570c45262ec41ff103e0af9a40296d169a83034b92c303667551cf0eb27a1ee6528e476b68bf0d2c46b239a36ea08eb6f4a39cfce984b002e2d8a940627a047bd,"'test19-bq-map-tables-cwspx",0,0,"'projects/bigquerytest-422109/logs/run.googleapis.com%2Fstdout",,"'2025-06-24T08:58:46.371691002Z","'test19-bq-map-tables","'europe-west1","'bigquerytest-422109",cloud_run_job,,"'Unpacking libpsl5:amd64 (0.21.2-1) ...","'2025-06-24T08:58:46.166971Z"
685a68c600028ac2bdc117e4,,0069c7a988628c9eecde3e8d6b3af570c45262ec41ff103e0af9a40296d169a83034b92c303667551cf0eb27a1ee6528e476b68bf0d2c46b239a36ea08eb6f4a39cfce984b002e2d8a940627a047bd,"'test19-bq-map-tables-cwspx",0,0,"'projects/bigquerytest-422109/logs/run.googleapis.com%2F%2Fvar%2Flog%2Fdpkg.log",,"'2025-06-24T08:58:46.417806628Z","'test19-bq-map-tables","'europe-west1","'bigquerytest-422109",cloud_run_job,,"'2025-06-24 08:58:46 status half-installed libpsl5:amd64 0.21.2-1","'2025-06-24T08:58:46.166594Z"
685a68c6000288634a363c94,,0069c7a988628c9eecde3e8d6b3af570c45262ec41ff103e0af9a40296d169a83034b92c303667551cf0eb27a1ee6528e476b68bf0d2c46b239a36ea08eb6f4a39cfce984b002e2d8a940627a047bd,"'test19-bq-map-tables-cwspx",0,0,"'projects/bigquerytest-422109/logs/run.googleapis.com%2F%2Fvar%2Flog%2Fdpkg.log",,"'2025-06-24T08:58:46.417806628Z","'test19-bq-map-tables","'europe-west1","'bigquerytest-422109",cloud_run_job,,"'2025-06-24 08:58:46 status triggers-pending libc-bin:amd64 2.36-9+deb12u10","'2025-06-24T08:58:46.165987Z"
685a68c600028056b8b0e265,,0069c7a988628c9eecde3e8d6b3af570c45262ec41ff103e0af9a40296d169a83034b92c303667551cf0eb27a1ee6528e476b68bf0d2c46b239a36ea08eb6f4a39cfce984b002e2d8a940627a047bd,"'test19-bq-map-tables-cwspx",0,0,"'projects/bigquerytest-422109/logs/run.googleapis.com%2F%2Fvar%2Flog%2Fapt%2Fterm.log",,"'2025-06-24T08:58:46.395596208Z","'test19-bq-map-tables","'europe-west1","'bigquerytest-422109",cloud_run_job,,"'Preparing to unpack .../libpsl5_0.21.2-1_amd64.deb ...","'2025-06-24T08:58:46.163926Z"
685a68c60002800c9322bc67,,0069c7a988628c9eecde3e8d6b3af570c45262ec41ff103e0af9a40296d169a83034b92c303667551cf0eb27a1ee6528e476b68bf0d2c46b239a36ea08eb6f4a39cfce984b002e2d8a940627a047bd,"'test19-bq-map-tables-cwspx",0,0,"'projects/bigquerytest-422109/logs/run.googleapis.com%2F%2Fvar%2Flog%2Fdpkg.log",,"'2025-06-24T08:58:46.417806628Z","'test19-bq-map-tables","'europe-west1","'bigquerytest-422109",cloud_run_job,,"'2025-06-24 08:58:46 install libpsl5:amd64 <none> 0.21.2-1","'2025-06-24T08:58:46.163852Z"
685a68c600027fdb21377d11,,0069c7a988628c9eecde3e8d6b3af570c45262ec41ff103e0af9a40296d169a83034b92c303667551cf0eb27a1ee6528e476b68bf0d2c46b239a36ea08eb6f4a39cfce984b002e2d8a940627a047bd,"'test19-bq-map-tables-cwspx",0,0,"'projects/bigquerytest-422109/logs/run.googleapis.com%2Fstdout",,"'2025-06-24T08:58:46.371691002Z","'test19-bq-map-tables","'europe-west1","'bigquerytest-422109",cloud_run_job,,"'Preparing to unpack .../libpsl5_0.21.2-1_amd64.deb ...","'2025-06-24T08:58:46.163803Z"
685a68c600027bf8aae54203,,0069c7a988628c9eecde3e8d6b3af570c45262ec41ff103e0af9a40296d169a83034b92c303667551cf0eb27a1ee6528e476b68bf0d2c46b239a36ea08eb6f4a39cfce984b002e2d8a940627a047bd,"'test19-bq-map-tables-cwspx",0,0,"'projects/bigquerytest-422109/logs/run.googleapis.com%2F%2Fvar%2Flog%2Fapt%2Fterm.log",,"'2025-06-24T08:58:46.395596208Z","'test19-bq-map-tables","'europe-west1","'bigquerytest-422109",cloud_run_job,,"'(Reading database ... (Reading database ... 5%(Reading database ... 10%(Reading database ... 15%(Reading database ... 20%(Reading database ... 25%(Reading database ... 30%(Reading database ... 35%(Reading database ... 40%(Reading database ... 45%(Reading database ... 50%(Reading database ... 55%(Reading database ... 60%(Reading database ... 65%(Reading database ... 70%(Reading database ... 75%(Reading database ... 80%(Reading database ... 85%(Reading database ... 90%(Reading database ... 95%(Reading database ... 100%(Reading database ... 6686 files and directories currently installed.)","'2025-06-24T08:58:46.162808Z"
685a68c600027b503f8a33d7,,0069c7a988628c9eecde3e8d6b3af570c45262ec41ff103e0af9a40296d169a83034b92c303667551cf0eb27a1ee6528e476b68bf0d2c46b239a36ea08eb6f4a39cfce984b002e2d8a940627a047bd,"'test19-bq-map-tables-cwspx",0,0,"'projects/bigquerytest-422109/logs/run.googleapis.com%2Fstdout",,"'2025-06-24T08:58:46.371691002Z","'test19-bq-map-tables","'europe-west1","'bigquerytest-422109",cloud_run_job,,(Reading database ... 6686 files and directories currently installed.),"'2025-06-24T08:58:46.162640Z"
685a68c600027b4a5a076c5a,,0069c7a988628c9eecde3e8d6b3af570c45262ec41ff103e0af9a40296d169a83034b92c303667551cf0eb27a1ee6528e476b68bf0d2c46b239a36ea08eb6f4a39cfce984b002e2d8a940627a047bd,"'test19-bq-map-tables-cwspx",0,0,"'projects/bigquerytest-422109/logs/run.googleapis.com%2Fstdout",,"'2025-06-24T08:58:46.371691002Z","'test19-bq-map-tables","'europe-west1","'bigquerytest-422109",cloud_run_job,,(Reading database ... 100%,"'2025-06-24T08:58:46.162634Z"
685a68c600027b46de96c6a7,,0069c7a988628c9eecde3e8d6b3af570c45262ec41ff103e0af9a40296d169a83034b92c303667551cf0eb27a1ee6528e476b68bf0d2c46b239a36ea08eb6f4a39cfce984b002e2d8a940627a047bd,"'test19-bq-map-tables-cwspx",0,0,"'projects/bigquerytest-422109/logs/run.googleapis.com%2Fstdout",,"'2025-06-24T08:58:46.371691002Z","'test19-bq-map-tables","'europe-west1","'bigquerytest-422109",cloud_run_job,,(Reading database ... 95%,"'2025-06-24T08:58:46.162630Z"
685a68c600027b43d6feeb3e,,0069c7a988628c9eecde3e8d6b3af570c45262ec41ff103e0af9a40296d169a83034b92c303667551cf0eb27a1ee6528e476b68bf0d2c46b239a36ea08eb6f4a39cfce984b002e2d8a940627a047bd,"'test19-bq-map-tables-cwspx",0,0,"'projects/bigquerytest-422109/logs/run.googleapis.com%2Fstdout",,"'2025-06-24T08:58:46.371691002Z","'test19-bq-map-tables","'europe-west1","'bigquerytest-422109",cloud_run_job,,(Reading database ... 90%,"'2025-06-24T08:58:46.162627Z"
685a68c600027b3e3fb676f9,,0069c7a988628c9eecde3e8d6b3af570c45262ec41ff103e0af9a40296d169a83034b92c303667551cf0eb27a1ee6528e476b68bf0d2c46b239a36ea08eb6f4a39cfce984b002e2d8a940627a047bd,"'test19-bq-map-tables-cwspx",0,0,"'projects/bigquerytest-422109/logs/run.googleapis.com%2Fstdout",,"'2025-06-24T08:58:46.371691002Z","'test19-bq-map-tables","'europe-west1","'bigquerytest-422109",cloud_run_job,,(Reading database ... 85%,"'2025-06-24T08:58:46.162622Z"
685a68c600027b365d82b5cb,,0069c7a988628c9eecde3e8d6b3af570c45262ec41ff103e0af9a40296d169a83034b92c303667551cf0eb27a1ee6528e476b68bf0d2c46b239a36ea08eb6f4a39cfce984b002e2d8a940627a047bd,"'test19-bq-map-tables-cwspx",0,0,"'projects/bigquerytest-422109/logs/run.googleapis.com%2Fstdout",,"'2025-06-24T08:58:46.371691002Z","'test19-bq-map-tables","'europe-west1","'bigquerytest-422109",cloud_run_job,,(Reading database ... 80%,"'2025-06-24T08:58:46.162614Z"
685a68c600027b321e576449,,0069c7a988628c9eecde3e8d6b3af570c45262ec41ff103e0af9a40296d169a83034b92c303667551cf0eb27a1ee6528e476b68bf0d2c46b239a36ea08eb6f4a39cfce984b002e2d8a940627a047bd,"'test19-bq-map-tables-cwspx",0,0,"'projects/bigquerytest-422109/logs/run.googleapis.com%2Fstdout",,"'2025-06-24T08:58:46.371691002Z","'test19-bq-map-tables","'europe-west1","'bigquerytest-422109",cloud_run_job,,(Reading database ... 75%,"'2025-06-24T08:58:46.162610Z"
685a68c600027b2efadb6531,,0069c7a988628c9eecde3e8d6b3af570c45262ec41ff103e0af9a40296d169a83034b92c303667551cf0eb27a1ee6528e476b68bf0d2c46b239a36ea08eb6f4a39cfce984b002e2d8a940627a047bd,"'test19-bq-map-tables-cwspx",0,0,"'projects/bigquerytest-422109/logs/run.googleapis.com%2Fstdout",,"'2025-06-24T08:58:46.371691002Z","'test19-bq-map-tables","'europe-west1","'bigquerytest-422109",cloud_run_job,,(Reading database ... 70%,"'2025-06-24T08:58:46.162606Z"
685a68c600027b2b5d09cf0c,,0069c7a988628c9eecde3e8d6b3af570c45262ec41ff103e0af9a40296d169a83034b92c303667551cf0eb27a1ee6528e476b68bf0d2c46b239a36ea08eb6f4a39cfce984b002e2d8a940627a047bd,"'test19-bq-map-tables-cwspx",0,0,"'projects/bigquerytest-422109/logs/run.googleapis.com%2Fstdout",,"'2025-06-24T08:58:46.371691002Z","'test19-bq-map-tables","'europe-west1","'bigquerytest-422109",cloud_run_job,,(Reading database ... 65%,"'2025-06-24T08:58:46.162603Z"
685a68c600027b280f7b2b66,,0069c7a988628c9eecde3e8d6b3af570c45262ec41ff103e0af9a40296d169a83034b92c303667551cf0eb27a1ee6528e476b68bf0d2c46b239a36ea08eb6f4a39cfce984b002e2d8a940627a047bd,"'test19-bq-map-tables-cwspx",0,0,"'projects/bigquerytest-422109/logs/run.googleapis.com%2Fstdout",,"'2025-06-24T08:58:46.371691002Z","'test19-bq-map-tables","'europe-west1","'bigquerytest-422109",cloud_run_job,,(Reading database ... 60%,"'2025-06-24T08:58:46.162600Z"
685a68c600027b25f8c9638a,,0069c7a988628c9eecde3e8d6b3af570c45262ec41ff103e0af9a40296d169a83034b92c303667551cf0eb27a1ee6528e476b68bf0d2c46b239a36ea08eb6f4a39cfce984b002e2d8a940627a047bd,"'test19-bq-map-tables-cwspx",0,0,"'projects/bigquerytest-422109/logs/run.googleapis.com%2Fstdout",,"'2025-06-24T08:58:46.371691002Z","'test19-bq-map-tables","'europe-west1","'bigquerytest-422109",cloud_run_job,,(Reading database ... 55%,"'2025-06-24T08:58:46.162597Z"
685a68c600027b21288ada5c,,0069c7a988628c9eecde3e8d6b3af570c45262ec41ff103e0af9a40296d169a83034b92c303667551cf0eb27a1ee6528e476b68bf0d2c46b239a36ea08eb6f4a39cfce984b002e2d8a940627a047bd,"'test19-bq-map-tables-cwspx",0,0,"'projects/bigquerytest-422109/logs/run.googleapis.com%2Fstdout",,"'2025-06-24T08:58:46.371691002Z","'test19-bq-map-tables","'europe-west1","'bigquerytest-422109",cloud_run_job,,(Reading database ... 50%,"'2025-06-24T08:58:46.162593Z"
685a68c600027b1d87af25df,,0069c7a988628c9eecde3e8d6b3af570c45262ec41ff103e0af9a40296d169a83034b92c303667551cf0eb27a1ee6528e476b68bf0d2c46b239a36ea08eb6f4a39cfce984b002e2d8a940627a047bd,"'test19-bq-map-tables-cwspx",0,0,"'projects/bigquerytest-422109/logs/run.googleapis.com%2Fstdout",,"'2025-06-24T08:58:46.371691002Z","'test19-bq-map-tables","'europe-west1","'bigquerytest-422109",cloud_run_job,,(Reading database ... 45%,"'2025-06-24T08:58:46.162589Z"
685a68c600027b186e0aad9f,,0069c7a988628c9eecde3e8d6b3af570c45262ec41ff103e0af9a40296d169a83034b92c303667551cf0eb27a1ee6528e476b68bf0d2c46b239a36ea08eb6f4a39cfce984b002e2d8a940627a047bd,"'test19-bq-map-tables-cwspx",0,0,"'projects/bigquerytest-422109/logs/run.googleapis.com%2Fstdout",,"'2025-06-24T08:58:46.371691002Z","'test19-bq-map-tables","'europe-west1","'bigquerytest-422109",cloud_run_job,,(Reading database ... 40%,"'2025-06-24T08:58:46.162584Z"
685a68c600027b139f05a8a8,,0069c7a988628c9eecde3e8d6b3af570c45262ec41ff103e0af9a40296d169a83034b92c303667551cf0eb27a1ee6528e476b68bf0d2c46b239a36ea08eb6f4a39cfce984b002e2d8a940627a047bd,"'test19-bq-map-tables-cwspx",0,0,"'projects/bigquerytest-422109/logs/run.googleapis.com%2Fstdout",,"'2025-06-24T08:58:46.371691002Z","'test19-bq-map-tables","'europe-west1","'bigquerytest-422109",cloud_run_job,,(Reading database ... 35%,"'2025-06-24T08:58:46.162579Z"
685a68c600027b0676a53aee,,0069c7a988628c9eecde3e8d6b3af570c45262ec41ff103e0af9a40296d169a83034b92c303667551cf0eb27a1ee6528e476b68bf0d2c46b239a36ea08eb6f4a39cfce984b002e2d8a940627a047bd,"'test19-bq-map-tables-cwspx",0,0,"'projects/bigquerytest-422109/logs/run.googleapis.com%2Fstdout",,"'2025-06-24T08:58:46.371691002Z","'test19-bq-map-tables","'europe-west1","'bigquerytest-422109",cloud_run_job,,(Reading database ... 30%,"'2025-06-24T08:58:46.162566Z"
685a68c60001b5fc02a385be,,0069c7a988628c9eecde3e8d6b3af570c45262ec41ff103e0af9a40296d169a83034b92c303667551cf0eb27a1ee6528e476b68bf0d2c46b239a36ea08eb6f4a39cfce984b002e2d8a940627a047bd,"'test19-bq-map-tables-cwspx",0,0,"'projects/bigquerytest-422109/logs/run.googleapis.com%2Fstdout",,"'2025-06-24T08:58:46.371691002Z","'test19-bq-map-tables","'europe-west1","'bigquerytest-422109",cloud_run_job,,(Reading database ... 25%,"'2025-06-24T08:58:46.112124Z"
685a68c60000e82591188800,,0069c7a988628c9eecde3e8d6b3af570c45262ec41ff103e0af9a40296d169a83034b92c303667551cf0eb27a1ee6528e476b68bf0d2c46b239a36ea08eb6f4a39cfce984b002e2d8a940627a047bd,"'test19-bq-map-tables-cwspx",0,0,"'projects/bigquerytest-422109/logs/run.googleapis.com%2Fstdout",,"'2025-06-24T08:58:46.371691002Z","'test19-bq-map-tables","'europe-west1","'bigquerytest-422109",cloud_run_job,,(Reading database ... 20%,"'2025-06-24T08:58:46.059429Z"
685a68c600002d334ca11a55,,0069c7a988628c9eecde3e8d6b3af570c45262ec41ff103e0af9a40296d169a83034b92c303667551cf0eb27a1ee6528e476b68bf0d2c46b239a36ea08eb6f4a39cfce984b002e2d8a940627a047bd,"'test19-bq-map-tables-cwspx",0,0,"'projects/bigquerytest-422109/logs/run.googleapis.com%2Fstdout",,"'2025-06-24T08:58:46.037272746Z","'test19-bq-map-tables","'europe-west1","'bigquerytest-422109",cloud_run_job,,(Reading database ... 15%,"'2025-06-24T08:58:46.011571Z"
685a68c5000e8cae430963ed,,0069c7a988628c9eecde3e8d6b3af570c45262ec41ff103e0af9a40296d169a83034b92c303667551cf0eb27a1ee6528e476b68bf0d2c46b239a36ea08eb6f4a39cfce984b002e2d8a940627a047bd,"'test19-bq-map-tables-cwspx",0,0,"'projects/bigquerytest-422109/logs/run.googleapis.com%2Fstdout",,"'2025-06-24T08:58:46.037272746Z","'test19-bq-map-tables","'europe-west1","'bigquerytest-422109",cloud_run_job,,(Reading database ... 10%,"'2025-06-24T08:58:45.953518Z"
685a68c5000dab3630c032b2,,0069c7a988628c9eecde3e8d6b3af570c45262ec41ff103e0af9a40296d169a83034b92c303667551cf0eb27a1ee6528e476b68bf0d2c46b239a36ea08eb6f4a39cfce984b002e2d8a940627a047bd,"'test19-bq-map-tables-cwspx",0,0,"'projects/bigquerytest-422109/logs/run.googleapis.com%2Fstdout",,"'2025-06-24T08:58:46.037272746Z","'test19-bq-map-tables","'europe-west1","'bigquerytest-422109",cloud_run_job,,(Reading database ... 5%,"'2025-06-24T08:58:45.895798Z"
685a68c5000c772c1c2866c2,,0069c7a988628c9eecde3e8d6b3af570c45262ec41ff103e0af9a40296d169a83034b92c303667551cf0eb27a1ee6528e476b68bf0d2c46b239a36ea08eb6f4a39cfce984b002e2d8a940627a047bd,"'test19-bq-map-tables-cwspx",0,0,"'projects/bigquerytest-422109/logs/run.googleapis.com%2F%2Fvar%2Flog%2Fapt%2Fterm.log",,"'2025-06-24T08:58:46.059534721Z","'test19-bq-map-tables","'europe-west1","'bigquerytest-422109",cloud_run_job,,"'Selecting previously unselected package libpsl5:amd64.","'2025-06-24T08:58:45.816940Z"
685a68c5000c7291784263df,,0069c7a988628c9eecde3e8d6b3af570c45262ec41ff103e0af9a40296d169a83034b92c303667551cf0eb27a1ee6528e476b68bf0d2c46b239a36ea08eb6f4a39cfce984b002e2d8a940627a047bd,"'test19-bq-map-tables-cwspx",0,0,"'projects/bigquerytest-422109/logs/run.googleapis.com%2Fstdout",,"'2025-06-24T08:58:46.037272746Z","'test19-bq-map-tables","'europe-west1","'bigquerytest-422109",cloud_run_job,,"(Reading database ... ","'2025-06-24T08:58:45.815761Z"
685a68c5000c727ec4f22f3d,,0069c7a988628c9eecde3e8d6b3af570c45262ec41ff103e0af9a40296d169a83034b92c303667551cf0eb27a1ee6528e476b68bf0d2c46b239a36ea08eb6f4a39cfce984b002e2d8a940627a047bd,"'test19-bq-map-tables-cwspx",0,0,"'projects/bigquerytest-422109/logs/run.googleapis.com%2Fstdout",,"'2025-06-24T08:58:46.037272746Z","'test19-bq-map-tables","'europe-west1","'bigquerytest-422109",cloud_run_job,,Selecting previously unselected package libpsl5:amd64.,"'2025-06-24T08:58:45.815742Z"
685a68c5000b6dd121522889,,0069c7a988628c9eecde3e8d6b3af570c45262ec41ff103e0af9a40296d169a83034b92c303667551cf0eb27a1ee6528e476b68bf0d2c46b239a36ea08eb6f4a39cfce984b002e2d8a940627a047bd,"'test19-bq-map-tables-cwspx",0,0,"'projects/bigquerytest-422109/logs/run.googleapis.com%2F%2Fvar%2Flog%2Fdpkg.log",,"'2025-06-24T08:58:45.752682763Z","'test19-bq-map-tables","'europe-west1","'bigquerytest-422109",cloud_run_job,,"'2025-06-24 08:58:45 startup archives unpack","'2025-06-24T08:58:45.749009Z"
685a68c5000b3ac2ef10cd93,,0069c7a988628c9eecde3e8d6b3af570c45262ec41ff103e0af9a40296d169a83034b92c303667551cf0eb27a1ee6528e476b68bf0d2c46b239a36ea08eb6f4a39cfce984b002e2d8a940627a047bd,"'test19-bq-map-tables-cwspx",0,0,"'projects/bigquerytest-422109/logs/run.googleapis.com%2Fstdout",,"'2025-06-24T08:58:46.037272746Z","'test19-bq-map-tables","'europe-west1","'bigquerytest-422109",cloud_run_job,,Fetched 1289 kB in 0s (25.9 MB/s),"'2025-06-24T08:58:45.735938Z"
685a68c5000b1ebcf455905e,,0069c7a988628c9eecde3e8d6b3af570c45262ec41ff103e0af9a40296d169a83034b92c303667551cf0eb27a1ee6528e476b68bf0d2c46b239a36ea08eb6f4a39cfce984b002e2d8a940627a047bd,"'test19-bq-map-tables-cwspx",0,0,"'projects/bigquerytest-422109/logs/run.googleapis.com%2F%2Fvar%2Flog%2Fapt%2Fhistory.log",,"'2025-06-24T08:58:46.063133508Z","'test19-bq-map-tables","'europe-west1","'bigquerytest-422109",cloud_run_job,,"'Install: wget:amd64 (1.21.3-1+deb12u1), publicsuffix:amd64 (20230209.2326-1, automatic), unzip:amd64 (6.0-28), libpsl5:amd64 (0.21.2-1, automatic)","'2025-06-24T08:58:45.728764Z"
685a68c5000b1d7942f56a60,,0069c7a988628c9eecde3e8d6b3af570c45262ec41ff103e0af9a40296d169a83034b92c303667551cf0eb27a1ee6528e476b68bf0d2c46b239a36ea08eb6f4a39cfce984b002e2d8a940627a047bd,"'test19-bq-map-tables-cwspx",0,0,"'projects/bigquerytest-422109/logs/run.googleapis.com%2F%2Fvar%2Flog%2Fapt%2Fhistory.log",,"'2025-06-24T08:58:46.063133508Z","'test19-bq-map-tables","'europe-west1","'bigquerytest-422109",cloud_run_job,,"'Commandline: apt-get install -y wget unzip","'2025-06-24T08:58:45.728441Z"
685a68c5000b1bd4ae941e23,,0069c7a988628c9eecde3e8d6b3af570c45262ec41ff103e0af9a40296d169a83034b92c303667551cf0eb27a1ee6528e476b68bf0d2c46b239a36ea08eb6f4a39cfce984b002e2d8a940627a047bd,"'test19-bq-map-tables-cwspx",0,0,"'projects/bigquerytest-422109/logs/run.googleapis.com%2F%2Fvar%2Flog%2Fapt%2Fhistory.log",,"'2025-06-24T08:58:45.733005627Z","'test19-bq-map-tables","'europe-west1","'bigquerytest-422109",cloud_run_job,,"'Start-Date: 2025-06-24  08:58:45","'2025-06-24T08:58:45.728020Z"
685a68c5000b040783a3443f,,0069c7a988628c9eecde3e8d6b3af570c45262ec41ff103e0af9a40296d169a83034b92c303667551cf0eb27a1ee6528e476b68bf0d2c46b239a36ea08eb6f4a39cfce984b002e2d8a940627a047bd,"'test19-bq-map-tables-cwspx",0,0,"'projects/bigquerytest-422109/logs/run.googleapis.com%2F%2Fvar%2Flog%2Fapt%2Fterm.log",,"'2025-06-24T08:58:45.726036245Z","'test19-bq-map-tables","'europe-west1","'bigquerytest-422109",cloud_run_job,,"'Log started: 2025-06-24  08:58:45","'2025-06-24T08:58:45.721927Z"
685a68c5000acf6b57090632,,0069c7a988628c9eecde3e8d6b3af570c45262ec41ff103e0af9a40296d169a83034b92c303667551cf0eb27a1ee6528e476b68bf0d2c46b239a36ea08eb6f4a39cfce984b002e2d8a940627a047bd,"'test19-bq-map-tables-cwspx",0,0,"'projects/bigquerytest-422109/logs/run.googleapis.com%2Fstderr",,"'2025-06-24T08:58:45.711648739Z","'test19-bq-map-tables","'europe-west1","'bigquerytest-422109",cloud_run_job,,"'debconf: delaying package configuration, since apt-utils is not installed","'2025-06-24T08:58:45.708459Z"
685a68c50003c683f73aba0f,,0069c7a988628c9eecde3e8d6b3af570c45262ec41ff103e0af9a40296d169a83034b92c303667551cf0eb27a1ee6528e476b68bf0d2c46b239a36ea08eb6f4a39cfce984b002e2d8a940627a047bd,"'test19-bq-map-tables-cwspx",0,0,"'projects/bigquerytest-422109/logs/run.googleapis.com%2F%2Fvar%2Flog%2Fapt%2Feipp.log.xz",,"'2025-06-24T08:58:45.573711450Z","'test19-bq-map-tables","'europe-west1","'bigquerytest-422109",cloud_run_job,,"'??q!Cj$]?\??zA?'5>?|?s I?~zn?q?0??????L?LM'???rp??c??y^?f""???!???X??	8'C?? 7B????Z?????u?    ???5P??f ?(?? ??w???g?    YZ","'2025-06-24T08:58:45.247427Z"
685a68c50003c591856dcd95,,0069c7a988628c9eecde3e8d6b3af570c45262ec41ff103e0af9a40296d169a83034b92c303667551cf0eb27a1ee6528e476b68bf0d2c46b239a36ea08eb6f4a39cfce984b002e2d8a940627a047bd,"'test19-bq-map-tables-cwspx",0,0,"'projects/bigquerytest-422109/logs/run.googleapis.com%2F%2Fvar%2Flog%2Fapt%2Feipp.log.xz",,"'2025-06-24T08:58:45.573711450Z","'test19-bq-map-tables","'europe-west1","'bigquerytest-422109",cloud_run_job,,"'?x|YwqFd:%??L???v!N?3?5j?5??W?_?S(f?????B???uOND??GOA(??????'?$D?u$???d)??*>???J?Z?2??????q4bc? ??s?Q\N?0?-?B?9??>5V?5???I-+xK[o?? ??b?-^?<y?-9?l!??O:y???o?","'2025-06-24T08:58:45.247185Z"
685a68c50003c465ee07a1e2,,0069c7a988628c9eecde3e8d6b3af570c45262ec41ff103e0af9a40296d169a83034b92c303667551cf0eb27a1ee6528e476b68bf0d2c46b239a36ea08eb6f4a39cfce984b002e2d8a940627a047bd,"'test19-bq-map-tables-cwspx",0,0,"'projects/bigquerytest-422109/logs/run.googleapis.com%2F%2Fvar%2Flog%2Fapt%2Feipp.log.xz",,"'2025-06-24T08:58:45.573711450Z","'test19-bq-map-tables","'europe-west1","'bigquerytest-422109",cloud_run_job,,"'?7w?	??????_??M??>?????????]?:n??h""??w???'mW?(?????,????","'2025-06-24T08:58:45.246885Z"
685a68c50003c2b07b0a0683,,0069c7a988628c9eecde3e8d6b3af570c45262ec41ff103e0af9a40296d169a83034b92c303667551cf0eb27a1ee6528e476b68bf0d2c46b239a36ea08eb6f4a39cfce984b002e2d8a940627a047bd,"'test19-bq-map-tables-cwspx",0,0,"'projects/bigquerytest-422109/logs/run.googleapis.com%2F%2Fvar%2Flog%2Fapt%2Feipp.log.xz",,"'2025-06-24T08:58:45.573711450Z","'test19-bq-map-tables","'europe-west1","'bigquerytest-422109",cloud_run_job,,"'>9?#?q????Zl?Z?M?m2/H????!a????""??,?k?P??x?O{?6???a???G?wKI??^?????'??y?k??","'2025-06-24T08:58:45.246448Z"
685a68c50003c1d089198d36,,0069c7a988628c9eecde3e8d6b3af570c45262ec41ff103e0af9a40296d169a83034b92c303667551cf0eb27a1ee6528e476b68bf0d2c46b239a36ea08eb6f4a39cfce984b002e2d8a940627a047bd,"'test19-bq-map-tables-cwspx",0,0,"'projects/bigquerytest-422109/logs/run.googleapis.com%2F%2Fvar%2Flog%2Fapt%2Feipp.log.xz",,"'2025-06-24T08:58:45.573711450Z","'test19-bq-map-tables","'europe-west1","'bigquerytest-422109",cloud_run_job,,?k,"'2025-06-24T08:58:45.246224Z"
685a68c50003c0a3d4589967,,0069c7a988628c9eecde3e8d6b3af570c45262ec41ff103e0af9a40296d169a83034b92c303667551cf0eb27a1ee6528e476b68bf0d2c46b239a36ea08eb6f4a39cfce984b002e2d8a940627a047bd,"'test19-bq-map-tables-cwspx",0,0,"'projects/bigquerytest-422109/logs/run.googleapis.com%2F%2Fvar%2Flog%2Fapt%2Feipp.log.xz",,"'2025-06-24T08:58:45.573711450Z","'test19-bq-map-tables","'europe-west1","'bigquerytest-422109",cloud_run_job,,"'?^)c????????iN?????w??W?9??V??<?R?,e;C?^??x??3???t4?`QU`?xGy7?i??","'2025-06-24T08:58:45.245923Z"
685a68c50003bf9c843650d3,,0069c7a988628c9eecde3e8d6b3af570c45262ec41ff103e0af9a40296d169a83034b92c303667551cf0eb27a1ee6528e476b68bf0d2c46b239a36ea08eb6f4a39cfce984b002e2d8a940627a047bd,"'test19-bq-map-tables-cwspx",0,0,"'projects/bigquerytest-422109/logs/run.googleapis.com%2F%2Fvar%2Flog%2Fapt%2Feipp.log.xz",,"'2025-06-24T08:58:45.573711450Z","'test19-bq-map-tables","'europe-west1","'bigquerytest-422109",cloud_run_job,,"'H|??-????????)lz{Bo??*??'??%?2?????"",?T""??=??s<d??s?? ???D??? ?6]^??<?]5&??????6t??/s?E?zta??<??????????c??????Za??!N?siF~?dX?????0S","'2025-06-24T08:58:45.245660Z"
685a68c50003be399eb930c4,,0069c7a988628c9eecde3e8d6b3af570c45262ec41ff103e0af9a40296d169a83034b92c303667551cf0eb27a1ee6528e476b68bf0d2c46b239a36ea08eb6f4a39cfce984b002e2d8a940627a047bd,"'test19-bq-map-tables-cwspx",0,0,"'projects/bigquerytest-422109/logs/run.googleapis.com%2F%2Fvar%2Flog%2Fapt%2Feipp.log.xz",,"'2025-06-24T08:58:45.573711450Z","'test19-bq-map-tables","'europe-west1","'bigquerytest-422109",cloud_run_job,,"'??v{?Y???{!3?.???|?q?Z=??1\?5???x???)H?PB?U????Q$d?0a|8????Du?????I?Z? ?X??????	??a?????<?`??p?z]J?.??$Cn~?ta???	RYL??R^??,h?T.?cD?F???""?yUn?e? 1??[????{??f8?F???(%l?yJ??)?JO^?,'?-?a??laT?????<s?0??\a?????","'2025-06-24T08:58:45.245305Z"
685a68c50003bd13cebbfd0c,,0069c7a988628c9eecde3e8d6b3af570c45262ec41ff103e0af9a40296d169a83034b92c303667551cf0eb27a1ee6528e476b68bf0d2c46b239a36ea08eb6f4a39cfce984b002e2d8a940627a047bd,"'test19-bq-map-tables-cwspx",0,0,"'projects/bigquerytest-422109/logs/run.googleapis.com%2F%2Fvar%2Flog%2Fapt%2Feipp.log.xz",,"'2025-06-24T08:58:45.573711450Z","'test19-bq-map-tables","'europe-west1","'bigquerytest-422109",cloud_run_job,,"'&?ow%~4D?!??i?:V??@uo???4;?????M???T(?C?k;??7(5+X?.?f?(o?,??0???_?r6?d2?!?r???c2???b?????YQ?h????????Z&?;?$9???SPq]?""??KN|?29?{?4],???+???? ????6m""?1?r?Fo7QN??4?%R??Pa??z???*?4?#e?%???#-???????(?u""???v??Q?1??l?>??g??J.??????&<\?8????H<cBG??;???????i?2????&???X?O|;??? ?+??P?}??????\??-????(a?I??jn??Lkx ?W4?If?0Ky ?q?i?8?\?O?G??Oz???x?4?=???_J??????`e?a??{?J?.X94?+???????&","'2025-06-24T08:58:45.245011Z"
685a68c50003bb1317cc4e6b,,0069c7a988628c9eecde3e8d6b3af570c45262ec41ff103e0af9a40296d169a83034b92c303667551cf0eb27a1ee6528e476b68bf0d2c46b239a36ea08eb6f4a39cfce984b002e2d8a940627a047bd,"'test19-bq-map-tables-cwspx",0,0,"'projects/bigquerytest-422109/logs/run.googleapis.com%2F%2Fvar%2Flog%2Fapt%2Feipp.log.xz",,"'2025-06-24T08:58:45.573711450Z","'test19-bq-map-tables","'europe-west1","'bigquerytest-422109",cloud_run_job,,"'????wj(??g?m/tQL???s?m?u??c?????2H?????c????/??biT^?`R?T?/?)~?+?$??g??qZ{?W??!?	H2?1??Y?rT?N???r.rX? ??0l??,?-M!k??????U?1??~?3???bNj?++??E4??0?)?j?@??-?pk+?7j]??-L&?Q??\D?""m?O?0?mOzX{??ow?1?h\rJ???V?D???Y??h???e?RLomY????]???_I??m??","'2025-06-24T08:58:45.244499Z"
685a68c50003b576ca5a27eb,,0069c7a988628c9eecde3e8d6b3af570c45262ec41ff103e0af9a40296d169a83034b92c303667551cf0eb27a1ee6528e476b68bf0d2c46b239a36ea08eb6f4a39cfce984b002e2d8a940627a047bd,"'test19-bq-map-tables-cwspx",0,0,"'projects/bigquerytest-422109/logs/run.googleapis.com%2F%2Fvar%2Flog%2Fapt%2Feipp.log.xz",,"'2025-06-24T08:58:45.573711450Z","'test19-bq-map-tables","'europe-west1","'bigquerytest-422109",cloud_run_job,,"'?9?AZ?M??f??#??w""?,8?7?`sz???!p{??,?Y??$[]dy?P??I???????Q?3","'2025-06-24T08:58:45.243062Z"
685a68c50003b39d81e999df,,0069c7a988628c9eecde3e8d6b3af570c45262ec41ff103e0af9a40296d169a83034b92c303667551cf0eb27a1ee6528e476b68bf0d2c46b239a36ea08eb6f4a39cfce984b002e2d8a940627a047bd,"'test19-bq-map-tables-cwspx",0,0,"'projects/bigquerytest-422109/logs/run.googleapis.com%2F%2Fvar%2Flog%2Fapt%2Feipp.log.xz",,"'2025-06-24T08:58:45.573711450Z","'test19-bq-map-tables","'europe-west1","'bigquerytest-422109",cloud_run_job,,"'??9>??g???????N?:??d 	l?????{?h?^???E??L5~??g?8},uL=J8&???????4??,>????","'2025-06-24T08:58:45.242589Z"
685a68c50003b1874ac3b153,,0069c7a988628c9eecde3e8d6b3af570c45262ec41ff103e0af9a40296d169a83034b92c303667551cf0eb27a1ee6528e476b68bf0d2c46b239a36ea08eb6f4a39cfce984b002e2d8a940627a047bd,"'test19-bq-map-tables-cwspx",0,0,"'projects/bigquerytest-422109/logs/run.googleapis.com%2F%2Fvar%2Flog%2Fapt%2Feipp.log.xz",,"'2025-06-24T08:58:45.573711450Z","'test19-bq-map-tables","'europe-west1","'bigquerytest-422109",cloud_run_job,,"'???:?8b?Y??TH?%?NgE??N????y?\?I3??v?k`?R;ji???$?D??(E?i???x?j????[jIJsFp""??????dQ?????b??C?Nis??7,??r??K?N????????Zs ?????q??e?j?","'2025-06-24T08:58:45.242055Z"
685a68c50003afa83ecdafaa,,0069c7a988628c9eecde3e8d6b3af570c45262ec41ff103e0af9a40296d169a83034b92c303667551cf0eb27a1ee6528e476b68bf0d2c46b239a36ea08eb6f4a39cfce984b002e2d8a940627a047bd,"'test19-bq-map-tables-cwspx",0,0,"'projects/bigquerytest-422109/logs/run.googleapis.com%2F%2Fvar%2Flog%2Fapt%2Feipp.log.xz",,"'2025-06-24T08:58:45.573711450Z","'test19-bq-map-tables","'europe-west1","'bigquerytest-422109",cloud_run_job,,"'6?/@?3????C?[<2X?r???]??xA8??>??I??????~??O?7??""??hsyH??+S9O?N??????:?s??dC??wo??kQ?u-?h??;?i??r\2{????)??$)F?U??^w l???d??uv?n??Vg?Le??q?_l;h\?]?5a0}a??puy?Z?E?&???>?@?ce???p?:}ns*X""rF2???+? ???N??i~??)~???""???(??~?HZ3??Bc?\&????9???N?>=??z??HW??n ?z????????F??b????Y??jW6???I??x?7Z??xx????i&?\???(?*?E?V?EKS???f???L? ?{?5??pBdQ????3??2?X7L?W????@Y[}??)Jqb?R#?L,?KY?)?]?????_ly??S?V??Q/Ocd?*?4?1?","'2025-06-24T08:58:45.241576Z"
685a68c50003ade37da18740,,0069c7a988628c9eecde3e8d6b3af570c45262ec41ff103e0af9a40296d169a83034b92c303667551cf0eb27a1ee6528e476b68bf0d2c46b239a36ea08eb6f4a39cfce984b002e2d8a940627a047bd,"'test19-bq-map-tables-cwspx",0,0,"'projects/bigquerytest-422109/logs/run.googleapis.com%2F%2Fvar%2Flog%2Fapt%2Feipp.log.xz",,"'2025-06-24T08:58:45.573711450Z","'test19-bq-map-tables","'europe-west1","'bigquerytest-422109",cloud_run_job,,"'|??2u??????]!??$??AZ???4/?dr?<|=?n""??-5S #?G].9Q ","'2025-06-24T08:58:45.241123Z"
685a68c50003ab623671d035,,0069c7a988628c9eecde3e8d6b3af570c45262ec41ff103e0af9a40296d169a83034b92c303667551cf0eb27a1ee6528e476b68bf0d2c46b239a36ea08eb6f4a39cfce984b002e2d8a940627a047bd,"'test19-bq-map-tables-cwspx",0,0,"'projects/bigquerytest-422109/logs/run.googleapis.com%2F%2Fvar%2Flog%2Fapt%2Feipp.log.xz",,"'2025-06-24T08:58:45.573711450Z","'test19-bq-map-tables","'europe-west1","'bigquerytest-422109",cloud_run_job,,"'???<<?06??#~6?R?:U????:?q?9???d=|?s??&?7?xf??4zGgSG","'2025-06-24T08:58:45.240482Z"
685a68c50003a7c4cda85079,,0069c7a988628c9eecde3e8d6b3af570c45262ec41ff103e0af9a40296d169a83034b92c303667551cf0eb27a1ee6528e476b68bf0d2c46b239a36ea08eb6f4a39cfce984b002e2d8a940627a047bd,"'test19-bq-map-tables-cwspx",0,0,"'projects/bigquerytest-422109/logs/run.googleapis.com%2F%2Fvar%2Flog%2Fapt%2Feipp.log.xz",,"'2025-06-24T08:58:45.573711450Z","'test19-bq-map-tables","'europe-west1","'bigquerytest-422109",cloud_run_job,,"'?wc?7?L9?!?b?$???3?&??G?$????&?;A=?WE9Td? ??W??G???kX?4??3D??]?2&Y?,??v.;@?%_s?Ox????:???y?DD?;Z?G??XOa|@d??%?4{??d0?$?""]?7?{???C-[?[/57??sA@?^u?V?wF-o?$Q?a7%1??QkY????@?2??r???jiI???Y?oX???}%f??????v?L?o?w??>;?0k??????~??u???VF?n ????X???C?o[???<?(? ?????u??c,??5??lg????u?'?""q\??,dB?.??J?]??X??5???^?^??????(xb??J0??qH??A??U`6??_?yb?r^???I&?M?aT????? ?f??O?%?`H???i??????0??J<N?i;g???A-??n??e??,???3???????MO?Y?Ba???v%??o=?~????xp?nR?a?"">?7l?g`zqm?v???BA[????~???~?o?d?M>:???????z?dPL??-?1!???KA?@?????>?WX:?? ???fPR???Cn6?""?Nb??uYbuk?Y1?$?%?D?g??6?;""? #(??f??/??l??????|F??2???k?}??","'2025-06-24T08:58:45.239556Z"
685a68c50003a58e7fdbc487,,0069c7a988628c9eecde3e8d6b3af570c45262ec41ff103e0af9a40296d169a83034b92c303667551cf0eb27a1ee6528e476b68bf0d2c46b239a36ea08eb6f4a39cfce984b002e2d8a940627a047bd,"'test19-bq-map-tables-cwspx",0,0,"'projects/bigquerytest-422109/logs/run.googleapis.com%2F%2Fvar%2Flog%2Fapt%2Feipp.log.xz",,"'2025-06-24T08:58:45.573711450Z","'test19-bq-map-tables","'europe-west1","'bigquerytest-422109",cloud_run_job,,"'zY????hXC?2!taF?m?)+???W?T?+dDN????;?z?X???Ab6wX?R?\?%j~???~??D?,??= |C^]ww`???????:???G?????}yROF*???Q??)??UH??????i??5???*y????u&C?A.?\Y??S?`??6  ?_???7??$???????.?k?o???N*;?qYv|86?w.?]????p1??? ??8?~??????b>?|??K????6&P?\?L?0??{??c=?#?T=?W?f@?0??w?X?{??'u:?]???X9???@.m$1F??f?|?m:?#qi&?'*.wq?q???G???nL?Ah?.?y???????D??B??w[?\??{?bG?????1_????s???:}?cC3???j?0?v?_yeLLx???????","'2025-06-24T08:58:45.238990Z"
685a68c50003a24a3350010c,,0069c7a988628c9eecde3e8d6b3af570c45262ec41ff103e0af9a40296d169a83034b92c303667551cf0eb27a1ee6528e476b68bf0d2c46b239a36ea08eb6f4a39cfce984b002e2d8a940627a047bd,"'test19-bq-map-tables-cwspx",0,0,"'projects/bigquerytest-422109/logs/run.googleapis.com%2F%2Fvar%2Flog%2Fapt%2Feipp.log.xz",,"'2025-06-24T08:58:45.573711450Z","'test19-bq-map-tables","'europe-west1","'bigquerytest-422109",cloud_run_job,,"'??,%4+;0_+$?????m??^nr?>???e ??+J?HL???Uh??HH???d??M?;C????R?C)s?'?????S???m3?R?x	?no??","'2025-06-24T08:58:45.238154Z"
685a68c500039fea91f6af27,,0069c7a988628c9eecde3e8d6b3af570c45262ec41ff103e0af9a40296d169a83034b92c303667551cf0eb27a1ee6528e476b68bf0d2c46b239a36ea08eb6f4a39cfce984b002e2d8a940627a047bd,"'test19-bq-map-tables-cwspx",0,0,"'projects/bigquerytest-422109/logs/run.googleapis.com%2F%2Fvar%2Flog%2Fapt%2Feipp.log.xz",,"'2025-06-24T08:58:45.573711450Z","'test19-bq-map-tables","'europe-west1","'bigquerytest-422109",cloud_run_job,,"'`?V9?Cz{?p????\??.@??`?_?X?B","'2025-06-24T08:58:45.237546Z"
685a68c500039cd81b3a1398,,0069c7a988628c9eecde3e8d6b3af570c45262ec41ff103e0af9a40296d169a83034b92c303667551cf0eb27a1ee6528e476b68bf0d2c46b239a36ea08eb6f4a39cfce984b002e2d8a940627a047bd,"'test19-bq-map-tables-cwspx",0,0,"'projects/bigquerytest-422109/logs/run.googleapis.com%2F%2Fvar%2Flog%2Fapt%2Feipp.log.xz",,"'2025-06-24T08:58:45.573711450Z","'test19-bq-map-tables","'europe-west1","'bigquerytest-422109",cloud_run_job,,"'??]bb?L??Q??J*	3u?R????aU????kY??t?6??????:?v?6?-?p??E@+|Z>$0?CP?0??lQ?I?u?ft?]??P?H?a_?s??B??WE?","'2025-06-24T08:58:45.236760Z"
685a68c500039a2c9f192ad4,,0069c7a988628c9eecde3e8d6b3af570c45262ec41ff103e0af9a40296d169a83034b92c303667551cf0eb27a1ee6528e476b68bf0d2c46b239a36ea08eb6f4a39cfce984b002e2d8a940627a047bd,"'test19-bq-map-tables-cwspx",0,0,"'projects/bigquerytest-422109/logs/run.googleapis.com%2F%2Fvar%2Flog%2Fapt%2Feipp.log.xz",,"'2025-06-24T08:58:45.573711450Z","'test19-bq-map-tables","'europe-west1","'bigquerytest-422109",cloud_run_job,,"']A3???T?3N+??79M?&K???C??bY????\?Z&w?s?(?b??f?Q4?(??*?5???p??i??6?7?3	?k]c{Ha?9?>7???M?I1??nD??2?b?5??`?B? ??]?Nw????=C?k???=+'?f$%?'??@r?G???bs?M|??J?{?8si?Ma&J??\?????S?A\3?""c5.b=Q????v???AD?1	R!?n?`T?d???q?U0??y,`_???<?s????t??r%p???&?????Y7????""??n#???R?q_!3?*??VL?_g)	?k?[T)(??l?A?5e??z?l?F? ?-'?2?S?	b????9?????B? ?1?5a???+???x,N6T?rA-?J?7S?\=?B?w?+?/??u?P	?B?E????dS?Mj`Z??????VC???4Ry?&????R??&/ LC?.O??9??[?R???Dg?g?N5?9??T &??;??$?0??h???$?>???7?AL??z??!([V*$??Pa8?d?g	?[:???{x??2?f?8??*?X??K?5??P~???rIY?T????r?????u?????m""?????M?5P?)?????&???#?a%b?(G?={tzf?pN???3?f?]4?????$_%tz$4??9?wa?P?<s?U+;??XM#aOg?b)?U??x???s???b?{?q?gv?#?t???????","'2025-06-24T08:58:45.236076Z"
685a68c500039757a5c81be8,,0069c7a988628c9eecde3e8d6b3af570c45262ec41ff103e0af9a40296d169a83034b92c303667551cf0eb27a1ee6528e476b68bf0d2c46b239a36ea08eb6f4a39cfce984b002e2d8a940627a047bd,"'test19-bq-map-tables-cwspx",0,0,"'projects/bigquerytest-422109/logs/run.googleapis.com%2F%2Fvar%2Flog%2Fapt%2Feipp.log.xz",,"'2025-06-24T08:58:45.573711450Z","'test19-bq-map-tables","'europe-west1","'bigquerytest-422109",cloud_run_job,,"'???J?E????*?(~?j	????!J???w???p?B?y0?3?k$?E!1Z?P??<?#F?Cpd???EY????pq-??K?-4j0+?SF%F??'????,V??9??/????}o[R??1?","'2025-06-24T08:58:45.235351Z"
685a68c500038f893d45447a,,0069c7a988628c9eecde3e8d6b3af570c45262ec41ff103e0af9a40296d169a83034b92c303667551cf0eb27a1ee6528e476b68bf0d2c46b239a36ea08eb6f4a39cfce984b002e2d8a940627a047bd,"'test19-bq-map-tables-cwspx",0,0,"'projects/bigquerytest-422109/logs/run.googleapis.com%2F%2Fvar%2Flog%2Fapt%2Feipp.log.xz",,"'2025-06-24T08:58:45.237229190Z","'test19-bq-map-tables","'europe-west1","'bigquerytest-422109",cloud_run_job,,"'?7zXZ  ?F !   t/???a""?] )J'?H?h?TZU???|y???ya?????h?\?>x2?u13f~?9???? k?FCY%?%\?,E??lQd????4wp???&","'2025-06-24T08:58:45.233353Z"
685a68c500025a060b5f1967,,0069c7a988628c9eecde3e8d6b3af570c45262ec41ff103e0af9a40296d169a83034b92c303667551cf0eb27a1ee6528e476b68bf0d2c46b239a36ea08eb6f4a39cfce984b002e2d8a940627a047bd,"'test19-bq-map-tables-cwspx",0,0,"'projects/bigquerytest-422109/logs/run.googleapis.com%2Fstdout",,"'2025-06-24T08:58:45.372723781Z","'test19-bq-map-tables","'europe-west1","'bigquerytest-422109",cloud_run_job,,"'Get:4 http://deb.debian.org/debian bookworm/main amd64 unzip amd64 6.0-28 [166 kB]","'2025-06-24T08:58:45.154118Z"
685a68c5000258a0fd714db0,,0069c7a988628c9eecde3e8d6b3af570c45262ec41ff103e0af9a40296d169a83034b92c303667551cf0eb27a1ee6528e476b68bf0d2c46b239a36ea08eb6f4a39cfce984b002e2d8a940627a047bd,"'test19-bq-map-tables-cwspx",0,0,"'projects/bigquerytest-422109/logs/run.googleapis.com%2Fstdout",,"'2025-06-24T08:58:45.372723781Z","'test19-bq-map-tables","'europe-west1","'bigquerytest-422109",cloud_run_job,,"'Get:3 http://deb.debian.org/debian bookworm/main amd64 publicsuffix all 20230209.2326-1 [126 kB]","'2025-06-24T08:58:45.153760Z"
685a68c500020a55c023220d,,0069c7a988628c9eecde3e8d6b3af570c45262ec41ff103e0af9a40296d169a83034b92c303667551cf0eb27a1ee6528e476b68bf0d2c46b239a36ea08eb6f4a39cfce984b002e2d8a940627a047bd,"'test19-bq-map-tables-cwspx",0,0,"'projects/bigquerytest-422109/logs/run.googleapis.com%2Fstdout",,"'2025-06-24T08:58:45.372723781Z","'test19-bq-map-tables","'europe-west1","'bigquerytest-422109",cloud_run_job,,"'Get:2 http://deb.debian.org/debian bookworm/main amd64 wget amd64 1.21.3-1+deb12u1 [937 kB]","'2025-06-24T08:58:45.133717Z"
685a68c50001eff9d50b5de3,,0069c7a988628c9eecde3e8d6b3af570c45262ec41ff103e0af9a40296d169a83034b92c303667551cf0eb27a1ee6528e476b68bf0d2c46b239a36ea08eb6f4a39cfce984b002e2d8a940627a047bd,"'test19-bq-map-tables-cwspx",0,0,"'projects/bigquerytest-422109/logs/run.googleapis.com%2Fstdout",,"'2025-06-24T08:58:45.372723781Z","'test19-bq-map-tables","'europe-west1","'bigquerytest-422109",cloud_run_job,,"'Get:1 http://deb.debian.org/debian bookworm/main amd64 libpsl5 amd64 0.21.2-1 [58.7 kB]","'2025-06-24T08:58:45.126969Z"
685a68c50001eff4b7d0588f,,0069c7a988628c9eecde3e8d6b3af570c45262ec41ff103e0af9a40296d169a83034b92c303667551cf0eb27a1ee6528e476b68bf0d2c46b239a36ea08eb6f4a39cfce984b002e2d8a940627a047bd,"'test19-bq-map-tables-cwspx",0,0,"'projects/bigquerytest-422109/logs/run.googleapis.com%2Fstdout",,"'2025-06-24T08:58:45.372723781Z","'test19-bq-map-tables","'europe-west1","'bigquerytest-422109",cloud_run_job,,"'After this operation, 4439 kB of additional disk space will be used.","'2025-06-24T08:58:45.126964Z"
685a68c50001efefab6c33d9,,0069c7a988628c9eecde3e8d6b3af570c45262ec41ff103e0af9a40296d169a83034b92c303667551cf0eb27a1ee6528e476b68bf0d2c46b239a36ea08eb6f4a39cfce984b002e2d8a940627a047bd,"'test19-bq-map-tables-cwspx",0,0,"'projects/bigquerytest-422109/logs/run.googleapis.com%2Fstdout",,"'2025-06-24T08:58:45.372723781Z","'test19-bq-map-tables","'europe-west1","'bigquerytest-422109",cloud_run_job,,Need to get 1289 kB of archives.,"'2025-06-24T08:58:45.126959Z"
685a68c50001efe138ec20e8,,0069c7a988628c9eecde3e8d6b3af570c45262ec41ff103e0af9a40296d169a83034b92c303667551cf0eb27a1ee6528e476b68bf0d2c46b239a36ea08eb6f4a39cfce984b002e2d8a940627a047bd,"'test19-bq-map-tables-cwspx",0,0,"'projects/bigquerytest-422109/logs/run.googleapis.com%2Fstdout",,"'2025-06-24T08:58:45.372723781Z","'test19-bq-map-tables","'europe-west1","'bigquerytest-422109",cloud_run_job,,"'0 upgraded, 4 newly installed, 0 to remove and 1 not upgraded.","'2025-06-24T08:58:45.126945Z"
685a68c50000de45040d1388,,0069c7a988628c9eecde3e8d6b3af570c45262ec41ff103e0af9a40296d169a83034b92c303667551cf0eb27a1ee6528e476b68bf0d2c46b239a36ea08eb6f4a39cfce984b002e2d8a940627a047bd,"'test19-bq-map-tables-cwspx",0,0,"'projects/bigquerytest-422109/logs/run.googleapis.com%2Fstdout",,"'2025-06-24T08:58:45.372723781Z","'test19-bq-map-tables","'europe-west1","'bigquerytest-422109",cloud_run_job,,"  libpsl5 publicsuffix unzip wget","'2025-06-24T08:58:45.056901Z"
685a68c50000d41e926ec483,,0069c7a988628c9eecde3e8d6b3af570c45262ec41ff103e0af9a40296d169a83034b92c303667551cf0eb27a1ee6528e476b68bf0d2c46b239a36ea08eb6f4a39cfce984b002e2d8a940627a047bd,"'test19-bq-map-tables-cwspx",0,0,"'projects/bigquerytest-422109/logs/run.googleapis.com%2Fstdout",,"'2025-06-24T08:58:45.372723781Z","'test19-bq-map-tables","'europe-west1","'bigquerytest-422109",cloud_run_job,,The following NEW packages will be installed:,"'2025-06-24T08:58:45.054302Z"
685a68c4000ea4452708bc7e,,0069c7a988628c9eecde3e8d6b3af570c45262ec41ff103e0af9a40296d169a83034b92c303667551cf0eb27a1ee6528e476b68bf0d2c46b239a36ea08eb6f4a39cfce984b002e2d8a940627a047bd,"'test19-bq-map-tables-cwspx",0,0,"'projects/bigquerytest-422109/logs/run.googleapis.com%2Fstdout",,"'2025-06-24T08:58:45.038682875Z","'test19-bq-map-tables","'europe-west1","'bigquerytest-422109",cloud_run_job,,"  zip","'2025-06-24T08:58:44.959557Z"
685a68c4000ea4393c202662,,0069c7a988628c9eecde3e8d6b3af570c45262ec41ff103e0af9a40296d169a83034b92c303667551cf0eb27a1ee6528e476b68bf0d2c46b239a36ea08eb6f4a39cfce984b002e2d8a940627a047bd,"'test19-bq-map-tables-cwspx",0,0,"'projects/bigquerytest-422109/logs/run.googleapis.com%2Fstdout",,"'2025-06-24T08:58:45.038682875Z","'test19-bq-map-tables","'europe-west1","'bigquerytest-422109",cloud_run_job,,Suggested packages:,"'2025-06-24T08:58:44.959545Z"
685a68c4000e9c25b57f4103,,0069c7a988628c9eecde3e8d6b3af570c45262ec41ff103e0af9a40296d169a83034b92c303667551cf0eb27a1ee6528e476b68bf0d2c46b239a36ea08eb6f4a39cfce984b002e2d8a940627a047bd,"'test19-bq-map-tables-cwspx",0,0,"'projects/bigquerytest-422109/logs/run.googleapis.com%2Fstdout",,"'2025-06-24T08:58:45.038682875Z","'test19-bq-map-tables","'europe-west1","'bigquerytest-422109",cloud_run_job,,"  libpsl5 publicsuffix","'2025-06-24T08:58:44.957477Z"
685a68c4000e98cd5557e843,,0069c7a988628c9eecde3e8d6b3af570c45262ec41ff103e0af9a40296d169a83034b92c303667551cf0eb27a1ee6528e476b68bf0d2c46b239a36ea08eb6f4a39cfce984b002e2d8a940627a047bd,"'test19-bq-map-tables-cwspx",0,0,"'projects/bigquerytest-422109/logs/run.googleapis.com%2Fstdout",,"'2025-06-24T08:58:45.038682875Z","'test19-bq-map-tables","'europe-west1","'bigquerytest-422109",cloud_run_job,,The following additional packages will be installed:,"'2025-06-24T08:58:44.956621Z"
685a68c4000a3e0dc7eaa4f9,,0069c7a988628c9eecde3e8d6b3af570c45262ec41ff103e0af9a40296d169a83034b92c303667551cf0eb27a1ee6528e476b68bf0d2c46b239a36ea08eb6f4a39cfce984b002e2d8a940627a047bd,"'test19-bq-map-tables-cwspx",0,0,"'projects/bigquerytest-422109/logs/run.googleapis.com%2Fstdout",,"'2025-06-24T08:58:44.709271685Z","'test19-bq-map-tables","'europe-west1","'bigquerytest-422109",cloud_run_job,,Reading state information...,"'2025-06-24T08:58:44.671245Z"
685a68c4000a1f3a44a610d3,,0069c7a988628c9eecde3e8d6b3af570c45262ec41ff103e0af9a40296d169a83034b92c303667551cf0eb27a1ee6528e476b68bf0d2c46b239a36ea08eb6f4a39cfce984b002e2d8a940627a047bd,"'test19-bq-map-tables-cwspx",0,0,"'projects/bigquerytest-422109/logs/run.googleapis.com%2Fstdout",,"'2025-06-24T08:58:44.709271685Z","'test19-bq-map-tables","'europe-west1","'bigquerytest-422109",cloud_run_job,,Building dependency tree...,"'2025-06-24T08:58:44.663354Z"
685a68c400064e38e05f0f51,,0069c7a988628c9eecde3e8d6b3af570c45262ec41ff103e0af9a40296d169a83034b92c303667551cf0eb27a1ee6528e476b68bf0d2c46b239a36ea08eb6f4a39cfce984b002e2d8a940627a047bd,"'test19-bq-map-tables-cwspx",0,0,"'projects/bigquerytest-422109/logs/run.googleapis.com%2Fstdout",,"'2025-06-24T08:58:44.709271685Z","'test19-bq-map-tables","'europe-west1","'bigquerytest-422109",cloud_run_job,,Reading package lists...,"'2025-06-24T08:58:44.413240Z"
685a68c30008dc7a85f1d4d0,,0069c7a988628c9eecde3e8d6b3af570c45262ec41ff103e0af9a40296d169a83034b92c303667551cf0eb27a1ee6528e476b68bf0d2c46b239a36ea08eb6f4a39cfce984b002e2d8a940627a047bd,"'test19-bq-map-tables-cwspx",0,0,"'projects/bigquerytest-422109/logs/run.googleapis.com%2Fstdout",,"'2025-06-24T08:58:43.705945233Z","'test19-bq-map-tables","'europe-west1","'bigquerytest-422109",cloud_run_job,,Reading package lists...,"'2025-06-24T08:58:43.580730Z"
685a68c2000bbdec47cbbd12,,0069c7a988628c9eecde3e8d6b3af570c45262ec41ff103e0af9a40296d169a83034b92c303667551cf0eb27a1ee6528e476b68bf0d2c46b239a36ea08eb6f4a39cfce984b002e2d8a940627a047bd,"'test19-bq-map-tables-cwspx",0,0,"'projects/bigquerytest-422109/logs/run.googleapis.com%2Fstdout",,"'2025-06-24T08:58:43.040492938Z","'test19-bq-map-tables","'europe-west1","'bigquerytest-422109",cloud_run_job,,Fetched 9316 kB in 2s (4415 kB/s),"'2025-06-24T08:58:42.769516Z"
685a68c10008179f88bba190,,0069c7a988628c9eecde3e8d6b3af570c45262ec41ff103e0af9a40296d169a83034b92c303667551cf0eb27a1ee6528e476b68bf0d2c46b239a36ea08eb6f4a39cfce984b002e2d8a940627a047bd,"'test19-bq-map-tables-cwspx",0,0,"'projects/bigquerytest-422109/logs/run.googleapis.com%2Fstdout",,"'2025-06-24T08:58:41.708296025Z","'test19-bq-map-tables","'europe-west1","'bigquerytest-422109",cloud_run_job,,"'Get:6 http://deb.debian.org/debian-security bookworm-security/main amd64 Packages [268 kB]","'2025-06-24T08:58:41.530335Z"
685a68c10003427695f3fd67,,0069c7a988628c9eecde3e8d6b3af570c45262ec41ff103e0af9a40296d169a83034b92c303667551cf0eb27a1ee6528e476b68bf0d2c46b239a36ea08eb6f4a39cfce984b002e2d8a940627a047bd,"'test19-bq-map-tables-cwspx",0,0,"'projects/bigquerytest-422109/logs/run.googleapis.com%2Fstdout",,"'2025-06-24T08:58:41.377717883Z","'test19-bq-map-tables","'europe-west1","'bigquerytest-422109",cloud_run_job,,"'Get:5 http://deb.debian.org/debian bookworm-updates/main amd64 Packages [756 B]","'2025-06-24T08:58:41.213622Z"
685a68c0000e18980dea390e,,0069c7a988628c9eecde3e8d6b3af570c45262ec41ff103e0af9a40296d169a83034b92c303667551cf0eb27a1ee6528e476b68bf0d2c46b239a36ea08eb6f4a39cfce984b002e2d8a940627a047bd,"'test19-bq-map-tables-cwspx",0,0,"'projects/bigquerytest-422109/logs/run.googleapis.com%2Fstdout",,"'2025-06-24T08:58:41.042924747Z","'test19-bq-map-tables","'europe-west1","'bigquerytest-422109",cloud_run_job,,Get:4 http://deb.debian.org/debian bookworm/main amd64 Packages [8793 kB],"'2025-06-24T08:58:40.923800Z"
685a68c0000b2f70aadf8cfc,,0069c7a988628c9eecde3e8d6b3af570c45262ec41ff103e0af9a40296d169a83034b92c303667551cf0eb27a1ee6528e476b68bf0d2c46b239a36ea08eb6f4a39cfce984b002e2d8a940627a047bd,"'test19-bq-map-tables-cwspx",0,0,"'projects/bigquerytest-422109/logs/run.googleapis.com%2Fstdout",,"'2025-06-24T08:58:41.042924747Z","'test19-bq-map-tables","'europe-west1","'bigquerytest-422109",cloud_run_job,,"'Get:3 http://deb.debian.org/debian-security bookworm-security InRelease [48.0 kB]","'2025-06-24T08:58:40.733040Z"
685a68c0000b2f5e0ef96eae,,0069c7a988628c9eecde3e8d6b3af570c45262ec41ff103e0af9a40296d169a83034b92c303667551cf0eb27a1ee6528e476b68bf0d2c46b239a36ea08eb6f4a39cfce984b002e2d8a940627a047bd,"'test19-bq-map-tables-cwspx",0,0,"'projects/bigquerytest-422109/logs/run.googleapis.com%2Fstdout",,"'2025-06-24T08:58:41.042924747Z","'test19-bq-map-tables","'europe-west1","'bigquerytest-422109",cloud_run_job,,"'Get:2 http://deb.debian.org/debian bookworm-updates InRelease [55.4 kB]","'2025-06-24T08:58:40.733022Z"
685a68c0000ac2b2609c44a2,,0069c7a988628c9eecde3e8d6b3af570c45262ec41ff103e0af9a40296d169a83034b92c303667551cf0eb27a1ee6528e476b68bf0d2c46b239a36ea08eb6f4a39cfce984b002e2d8a940627a047bd,"'test19-bq-map-tables-cwspx",0,0,"'projects/bigquerytest-422109/logs/run.googleapis.com%2Fstdout",,"'2025-06-24T08:58:40.707468738Z","'test19-bq-map-tables","'europe-west1","'bigquerytest-422109",cloud_run_job,,Get:1 http://deb.debian.org/debian bookworm InRelease [151 kB],"'2025-06-24T08:58:40.705202Z"